"entrezgene_id","gene","Estimate","Std. Error","z value","Pr(>|z|)","FDR"
"103817612","ATP5MF",2.1784211016938326,0.8117223571000755,2.6837022322218234,0.007281192399797229,0.025748052908448272
"103820818","C21H1orf174",4.448117072162622,1.478678265605395,3.0081709967796755,0.0026282520868779833,0.023293306884048678
"103819355","C2H7orf25",3.3094717061510233,1.3210292420069014,2.505222141126331,0.012237450799296019,0.037345892698585875
"103827033","C5H11orf16",-9.56414643200688,3.2445114910526294,-2.947792436051427,0.003200518786753739,0.023293306884048678
"103813779","C6H10orf88",8.915301180805185,3.1248445098120885,2.8530383360870983,0.004330339723436687,0.023293306884048678
NA,"DDH36_mgp01",1.3987393788956055,0.5112809660190479,2.7357548429516445,0.006223737410192801,0.02383926669695175
NA,"DDH36_mgp06",1.4926780741287866,0.5410537384727497,2.75883515441963,0.005800778819439762,0.02340888582419045
NA,"DDH36_mgp07",1.4498214988781417,0.597016448823007,2.428444813767534,0.015163732655820302,0.04469156898032437
NA,"DDH36_mgp08",1.572982941011489,0.5891902847594417,2.669736724619817,0.007591074216217634,0.02637516728204125
NA,"DDH36_mgp11",1.6841764633140177,0.582745043696537,2.8900742812512847,0.0038515080636319014,0.023293306884048678
NA,"DDH36_mgp13",1.3315044469355373,0.5141848349871032,2.5895443745806586,0.009610303583738662,0.03090892966391834
"103825956","GUCY1B1",-2.520025378076018,0.7839133447968895,-3.2146734008322717,0.0013059301332878747,0.023293306884048678
"103825368","HROB",-1.7015421818617757,0.5810576700399717,-2.9283533624893456,0.003407625265543569,0.023293306884048678
"103812271","LOC103812271",-4.020405569726046,1.3896699048477898,-2.8930651485659107,0.003815021561812378,0.023293306884048678
"103812282","LOC103812282",-4.7783576086682995,1.731696888179896,-2.7593498846617455,0.005791648908714568,0.02340888582419045
"103812328","LOC103812328",19.37785999784207,5.838205112923741,3.3191468307521905,9.029293864722448e-4,0.023293306884048678
"103812360","LOC103812360",2.083026138032547,0.6930905238288904,3.0054171373244785,0.0026521684901369322,0.023293306884048678
"103812407","LOC103812407",4.7793839432570735,1.6229441567997471,2.9448850246834435,0.0032307469423817417,0.023293306884048678
"103812424","LOC103812424",-23.324710678597196,7.436344936901774,-3.1365826728735686,0.0017092923849779088,0.023293306884048678
"103812467","LOC103812467",2.1705909050615877,0.8259334421916332,2.628045789382102,0.008587695521887987,0.028504018208424027
"103812500","LOC103812500",-2.2367077729747327,0.8346030383321801,-2.6799660080850334,0.0073629636662736414,0.02588969051642228
"103812545","LOC103812545",-3.4748664582580413,1.4460928372392137,-2.402934561858442,0.016264097532699737,0.04745062569572223
"103812572","LOC103812572",1.408018622172158,0.5134794470789973,2.7421129125652004,0.006104535319274791,0.023657588431382777
"103812586","LOC103812586",-3.3751920765596553,1.3718675834646008,-2.460289985157119,0.013882479514688092,0.04139432436316942
"103812614","LOC103812614",3.2180575407858254,1.217978309166177,2.64213041937413,0.008238632485296354,0.027752873604413718
"103812648","LOC103812648",5.736716649927711,2.080596712239809,2.7572458497985455,0.005829050694358929,0.02340888582419045
"103812650","LOC103812650",-1.6414506070420407,0.5753042911125507,-2.8531867959262494,0.004328317095802702,0.023293306884048678
"103812679","LOC103812679",2.149907891431468,0.8142654478321725,2.640303474935834,0.008283181771969256,0.027845668576807453
"103812686","LOC103812686",-24.67466597185249,8.327866231892463,-2.9629037360564454,0.0030475185964571345,0.023293306884048678
"103812708","LOC103812708",1.9814827811976528,0.7097722507711235,2.7917163273781056,0.005242929806751367,0.023293306884048678
"103812714","LOC103812714",3.913955559116352,1.5588161277487484,2.510851337398536,0.012044040576032384,0.03688397338765955
"103812730","LOC103812730",-2.894126888751142,1.1020931821848934,-2.6260273954454125,0.008638786422617941,0.02861064286869452
"103812740","LOC103812740",45.14393821102708,17.867331102067165,2.526618998279163,0.011516636541154196,0.035589387688683
"103812750","LOC103812750",-3.540180621001853,1.191748325198529,-2.9705773829487927,0.002972405098845002,0.023293306884048678
"103812759","LOC103812759",-4.064236965391202,1.3877270055883166,-2.9287006371027555,0.0034038207473785715,0.023293306884048678
"103812791","LOC103812791",2.9920441544110017,1.009307958959571,2.9644511646329454,0.003032233668248905,0.023293306884048678
"103812797","LOC103812797",6.4207936569591695,2.5612073669918556,2.5069401797404667,0.012178131987661225,0.03721328856983422
"103812830","LOC103812830",-4.405339773346507,1.2509688646081385,-3.5215423005163795,4.2904421044756005e-4,0.023293306884048678
"103812923","LOC103812923",-3.869516740138673,1.1151201347406314,-3.470044723960341,5.203717089020204e-4,0.023293306884048678
"103812931","LOC103812931",-5.022402480079052,1.2078824379908168,-4.158022603949173,3.2101426601924545e-5,0.023293306884048678
"103812937","LOC103812937",6.661098540592721,2.757783718480518,2.4153810525296917,0.015718755612536345,0.046100519009061376
"103812941","LOC103812941",-1.8084105264913986,0.7296888997533566,-2.4783308710090868,0.01319986747351382,0.03975822847677762
"103812947","LOC103812947",-4.499958419548494,1.6920366272703722,-2.6594923224610794,0.0078258513616811,0.02688340304341484
"103813055","LOC103813055",-0.8508530219646631,0.33648069922157137,-2.5286829941005897,0.01144913847642759,0.03543082118143482
"103813091","LOC103813091",-4.474634081560007,1.2882873683008078,-3.4733198443619338,5.140623469323816e-4,0.023293306884048678
"103813164","LOC103813164",10.097351921085503,3.577773323344013,2.8222447339530947,0.004768876964296856,0.023293306884048678
"103813189","LOC103813189",-22.922745523881733,6.145156183213543,-3.7302136577909613,1.9131746329481564e-4,0.023293306884048678
"103813190","LOC103813190",17.021823380133792,7.068461211722018,2.4081370570309657,0.016034160290769758,0.04688863724502443
"103813201","LOC103813201",6.122226126259843,2.552546439569126,2.39847786169692,0.016463371645651242,0.047951596257723134
"103813236","LOC103813236",-9.6169948881041,3.24126316684474,-2.9670515453596815,0.0030067054754703633,0.023293306884048678
"103813248","LOC103813248",0.8729381892039394,0.36436344576205404,2.395789696681066,0.01658460278771345,0.048257607934401224
"103813249","LOC103813249",-3.276644181098571,1.2367119319392774,-2.6494805269328108,0.00806156178686431,0.027381362491114745
"103813265","LOC103813265",-2.0519026424472435,0.7480954392035155,-2.742835385591803,0.006091121215876735,0.023651402571499364
"103813266","LOC103813266",-2.098809845728446,0.7874855723914904,-2.66520418825533,0.0076941589728486285,0.02655908491531874
"103813293","LOC103813293",-2.9468258335074657,1.149118293571261,-2.5644233931297364,0.0103347390480142,0.03267194510904085
"103813294","LOC103813294",-2.286181632186546,0.8886420758493166,-2.572668675407402,0.01009177666994161,0.03210788712992856
"103813295","LOC103813295",-6.742112245411578,1.9123717825462276,-3.525523806063898,4.226461882976702e-4,0.023293306884048678
"103813301","LOC103813301",-4.952306092989273,1.9131059927171288,-2.5886208667171946,0.009636112338242112,0.030979351073518215
"103813327","LOC103813327",1.1638273776342771,0.40338838862080517,2.8851286017761484,0.0039125380134769775,0.023293306884048678
"103813359","LOC103813359",1.027458923225308,0.388886183868841,2.6420556086709355,0.00824045249506226,0.02775330979822282
"103813369","LOC103813369",-3.252135474361458,1.2068787051476935,-2.694666382371436,0.007045913905753679,0.025314097514117114
"103813387","LOC103813387",3.9016107339832105,1.6238457262565347,2.4026979108277895,0.016274625469138333,0.04747344106731415
"103813410","LOC103813410",-5.420133775321786,2.174807980337899,-2.4922355556556597,0.0126941818844131,0.03851065028114384
"103813425","LOC103813425",1.8826177598302727,0.6659612813409898,2.8269177391805798,0.004699839930862864,0.023293306884048678
"103813430","LOC103813430",1.1269253541582849,0.4657741933820107,2.4194671370168046,0.015543265124446102,0.04565234520941616
"103813452","LOC103813452",-2.620475272875762,0.8924942212030726,-2.93612575927202,0.0033233955973543112,0.023293306884048678
"103813472","LOC103813472",-3.405661294908727,0.9850797578795373,-3.457244215676185,5.457300414318329e-4,0.023293306884048678
"103813498","LOC103813498",-6.132312641905116,1.959932694954499,-3.128838381895293,0.001754988087240133,0.023293306884048678
"103813515","LOC103813515",-4.353242944661123,1.1363814715095875,-3.830793667269324,1.2773058468237782e-4,0.023293306884048678
"103813530","LOC103813530",-1.5842397377264734,0.6422887889169678,-2.4665536205261036,0.013642030163635934,0.04084493947834089
"103813537","LOC103813537",4.939924778649628,1.7974844845216245,2.748243348517314,0.0059915521862598355,0.023536146698004193
"103813557","LOC103813557",2.060245413800174,0.7908678634355166,2.605043786771791,0.009186251931522548,0.029916821654395093
"103813559","LOC103813559",-6.52984299188772,1.9995557614665103,-3.2656468590296353,0.0010921435690374865,0.023293306884048678
"103813577","LOC103813577",2.0161105996133712,0.8267332202777637,2.4386471356939103,0.014742355789778379,0.04360474446914387
"103813579","LOC103813579",5.8090769087097565,1.8599098026983818,3.123311087603211,0.0017882862388152404,0.023293306884048678
"103813613","LOC103813613",2.3760288518339117,0.823851703507476,2.8840492065722243,0.003925974025903307,0.023293306884048678
"103813625","LOC103813625",-5.16797162523093,1.6039870075092277,-3.2219535451575023,0.001273197764069752,0.023293306884048678
"103813627","LOC103813627",21.54387400335599,6.060445397872465,3.5548334468814824,3.7821859144710943e-4,0.023293306884048678
"103813644","LOC103813644",10.746126689860068,3.55421441244567,3.023488580832582,0.002498784590036719,0.023293306884048678
"103813645","LOC103813645",-3.3325308055794918,1.1406914914852757,-2.921500537573273,0.00348349674445776,0.023293306884048678
"103813676","LOC103813676",-2.817218640430373,1.17823647598084,-2.391046872050994,0.01680040788822619,0.04879322868201815
"103813752","LOC103813752",11.124511362516522,4.521631233915435,2.4602871811117217,0.01388258798940581,0.04139432436316942
"103813765","LOC103813765",-3.304738936153003,1.2059057639598436,-2.74046201197447,0.006135287384147394,0.023691170877466253
"103813813","LOC103813813",1.9024292016150148,0.7212855105313816,2.6375536092683567,0.008350642521650816,0.02802095008235901
"103813815","LOC103813815",-7.950113151237552,2.085937288614305,-3.8112905860745405,1.3824314179194879e-4,0.023293306884048678
"103813821","LOC103813821",9.277014397938503,2.930532048050053,3.165641680701406,0.0015474128233312105,0.023293306884048678
"103813851","LOC103813851",-1.3373197907636591,0.5485199367154676,-2.4380513838230162,0.014766674825837484,0.043672221332331826
"103813854","LOC103813854",2.8064336327672277,1.1093584848365872,2.5297806535284457,0.011413385357503707,0.03535349951210157
"103813881","LOC103813881",3.365254541391409,1.247122064591342,2.6984163274299364,0.006967024957098606,0.02512138122571663
"103813897","LOC103813897",2.954473826832081,1.065294121637704,2.7733878999445642,0.005547594996001806,0.023293306884048678
"103813907","LOC103813907",-3.1122547659344946,1.1915905146139958,-2.611849228207963,0.009005395948848199,0.02945344860887357
"103813942","LOC103813942",-3.5857075417337883,1.3417787861186592,-2.6723537283713537,0.007532120395780938,0.026250890677748787
"103813947","LOC103813947",-6.489939806671937,1.7419072652938152,-3.725766541066266,1.9472256709259498e-4,0.023293306884048678
"103813957","LOC103813957",-6.860816072672393,1.8968967897843627,-3.616863136476879,2.9819487087961034e-4,0.023293306884048678
"103813963","LOC103813963",36.90438526463286,14.819556990891318,2.490248884451522,0.01276536683012307,0.03867657603582734
"103813968","LOC103813968",1.9168592919396255,0.736441769847651,2.6028660654815514,0.009244806170714262,0.03005683392506506
"103813983","LOC103813983",2.2151532661340303,0.9077140659197874,2.440364592003335,0.014672445390537374,0.04341700360065827
"103814001","LOC103814001",3.364498195053851,1.1313682177822564,2.9738312798365913,0.0029410674125246354,0.023293306884048678
"103814002","LOC103814002",1.8977121590378492,0.7024365312595189,2.701613703995599,0.00690038817469038,0.024977107852252666
"103814006","LOC103814006",3.5901324513060673,1.394961473373954,2.573642727653772,0.010063413011861578,0.032042484758675625
"103814014","LOC103814014",-2.5620631702618635,0.8654681713197658,-2.9603205007007176,0.0030731914857650964,0.023293306884048678
"103814048","LOC103814048",-5.049601501826763,1.7430738442112994,-2.8969521392317095,0.003768072355559775,0.023293306884048678
"103814073","LOC103814073",3.081827804884933,1.2148972079560314,2.5366984010687332,0.011190331402348338,0.034807061506698114
"103814116","LOC103814116",4.2967547005252404,1.1792649570676919,3.6435871979180665,2.688645083895033e-4,0.023293306884048678
"103814141","LOC103814141",4.127819339322293,1.3626036914030415,3.0293616297721697,0.002450711377829257,0.023293306884048678
"103814149","LOC103814149",4.525320420329203,1.5383761316944773,2.941621575566628,0.0032649865119347868,0.023293306884048678
"103814152","LOC103814152",2.673724456455859,1.1036820929182691,2.4225494584099008,0.015412027674939675,0.04533675351663888
"103814170","LOC103814170",-4.85172025923652,1.935871198676356,-2.506220590788201,0.012202946193290085,0.03726830390758875
"103814181","LOC103814181",-4.138602479992775,1.510271781559835,-2.7403031232685513,0.006138254422715047,0.023694268247757565
"103814193","LOC103814193",-5.28837165915455,2.192995505570517,-2.411483126947293,0.015887786973323003,0.04652275015447137
"103814202","LOC103814202",-5.432858044332506,1.7614178859352863,-3.0843663435651676,0.002039862426664933,0.023293306884048678
"103814287","LOC103814287",-2.5047825433476243,0.8187664095655246,-3.0592150753678062,0.002219177689155227,0.023293306884048678
"103814307","LOC103814307",2.482837020060272,0.8374965514666193,2.9645937236545534,0.0030308290464367425,0.023293306884048678
"103814341","LOC103814341",-4.179927869790003,1.685550913508668,-2.479858565107952,0.013143450583059163,0.03963192730683851
"103814342","LOC103814342",1.8618959361739102,0.6647010199055747,2.8011028724439226,0.0050928281275862556,0.023293306884048678
"103814387","LOC103814387",28.161566846724583,11.607852392615746,2.426078993271776,0.015262947712857869,0.04496174638470978
"103814416","LOC103814416",-19.345507163652627,6.742357089185991,-2.86924986436579,0.004114466253969158,0.023293306884048678
"103814449","LOC103814449",-3.687734669423668,1.285856592395638,-2.867920646230983,0.004131791498786541,0.023293306884048678
"103814472","LOC103814472",4.929221718682335,1.525917599472271,3.2303328308075585,0.001236461875004498,0.023293306884048678
"103814483","LOC103814483",-3.3150957252177937,1.3141649155286521,-2.522587299390977,0.011649503043671652,0.035915472576142256
"103814508","LOC103814508",-1.2910558207918594,0.5376103540102416,-2.4014712721981253,0.01632929117919246,0.047611752648752795
"103814571","LOC103814571",-4.045934303621132,1.4210163323725356,-2.847211683250692,0.004410402451259408,0.023293306884048678
"103814604","LOC103814604",-4.156490551865529,1.6832705302304383,-2.4692944343869128,0.013537977627904263,0.04056821734367149
"103814617","LOC103814617",13.196179062137839,5.2841038848538036,2.497335281382898,0.012513058368976943,0.03807374279371596
"103814652","LOC103814652",-2.9602854657234094,1.0156341491183039,-2.9147163555826707,0.003560119462283992,0.023293306884048678
"103814659","LOC103814659",-6.1073952667179805,2.070447322634548,-2.9497950515092572,0.0031798478850667707,0.023293306884048678
"103814721","LOC103814721",-3.2766970985253328,1.1853216145035803,-2.7643949611917207,0.0057028464677139155,0.023383367211262385
"103814733","LOC103814733",-3.7998520233585533,1.359839463772837,-2.7943386881977736,0.005200597966239489,0.023293306884048678
"103814742","LOC103814742",1.6091047279547903,0.6419174366138063,2.506716029467927,0.012185856755521494,0.037228420151507506
"103814802","LOC103814802",48.26576519277065,18.18984248233069,2.653446022946884,0.00796745124452683,0.027185211905101727
"103814814","LOC103814814",2.288666944341798,0.7430527786436282,3.0800866508023037,0.0020694037934773537,0.023293306884048678
"103814825","LOC103814825",-2.368151429548698,0.974287008728842,-2.430650730567001,0.015071735566722328,0.044454308803248375
"103814851","LOC103814851",-3.022707990387001,1.1977702780315895,-2.5236124537624245,0.01161559029959313,0.035849190345430576
"103814871","LOC103814871",-4.561573621585603,1.6776586931497413,-2.7190117037580626,0.006547729125247618,0.02433919824503343
"103814887","LOC103814887",7.636491043031929,3.085563440208187,2.4749097502000104,0.013326984809807948,0.04008594899644872
"103814900","LOC103814900",-7.442000125059134,2.000234889869081,-3.720563101239688,1.9877906576613012e-4,0.023293306884048678
"103814915","LOC103814915",-2.2541238262497396,0.8031096227412322,-2.8067448856555846,0.00500448579396612,0.023293306884048678
"103814922","LOC103814922",3.7956106695322953,1.5852890562169122,2.394270404281999,0.01665346617241162,0.04841936671433304
"103814969","LOC103814969",2.8145281561209314,1.0669268303808441,2.6379767346522476,0.008340230358135267,0.027991732963202835
"103814970","LOC103814970",-3.4121350174317633,1.1564863205508322,-2.9504326655645783,0.0031732920463480615,0.023293306884048678
"103814976","LOC103814976",3.183586908360813,1.3234875921485234,2.405452780401697,0.01615243923331377,0.047175697365826746
"103814997","LOC103814997",2.7962155996980873,1.0692422202680254,2.615137661695742,0.00891914993248152,0.029240187012545382
"103815038","LOC103815038",-2.3817470044415567,0.8917570203427595,-2.670847495572391,0.007566001290909225,0.026324264743638175
"103815039","LOC103815039",-1.5557706321210165,0.6224906875749237,-2.499267319454899,0.01244503947703109,0.03790541986909451
"103815048","LOC103815048",12.5889872867846,5.120832360099986,2.458386918672494,0.01395627211073903,0.041582598773503204
"103815062","LOC103815062",2.882831628825601,1.0605557163733612,2.7182274201336916,0.00656327092839036,0.024366625696830516
"103815077","LOC103815077",-2.5078367392619696,0.6918271813971775,-3.6249468172055277,2.890209224029297e-4,0.023293306884048678
"103815164","LOC103815164",2.450568968432848,1.027533675986619,2.384903799945882,0.017083588012743355,0.049490253115441626
"103815170","LOC103815170",5.806161249952854,1.7393567650679955,3.3381082975957943,8.435086627638013e-4,0.023293306884048678
"103815182","LOC103815182",-5.023894328235147,1.6018720084743805,-3.1362645090601795,0.001711147967361545,0.023293306884048678
"103815217","LOC103815217",3.0911997574184173,1.2312425103833158,2.510634364351221,0.012051444920854634,0.036898278863422326
"103815219","LOC103815219",1.4224912494522124,0.574612083077093,2.475567937650492,0.013302445045310276,0.04001580216378539
"103815235","LOC103815235",-2.9731265643120848,1.0797320278280274,-2.7535781913339936,0.005894768727021621,0.023441942742979314
"103815251","LOC103815251",-1.8923909472463645,0.558908014102954,-3.385871913616496,7.095249254905994e-4,0.023293306884048678
"103815303","LOC103815303",-3.5684524342399007,1.1954706009428575,-2.984977155795795,0.0028359950255650262,0.023293306884048678
"103815304","LOC103815304",-3.964628161006948,1.2888236063030343,-3.0761604160707514,0.00209685000128327,0.023293306884048678
"103815307","LOC103815307",-3.0558061342565894,1.0923785909516637,-2.797387425539361,0.005151771672761119,0.023293306884048678
"103815315","LOC103815315",-3.3418971055990108,1.0445038577333567,-3.199506713982992,0.0013766298078524886,0.023293306884048678
"103815368","LOC103815368",1.164295493903638,0.4364070850198853,2.6679115300123644,0.0076324352936716295,0.026454221495534155
"103815369","LOC103815369",-6.81052580178905,1.9057158418415994,-3.5737362581861416,3.5192341355085374e-4,0.023293306884048678
"103815379","LOC103815379",-2.8220746878739615,0.896811720989605,-3.1467861333925096,0.0016507565641300974,0.023293306884048678
"103815380","LOC103815380",-3.453563238749392,1.1751161438447113,-2.938912257174957,0.003293663029430485,0.023293306884048678
"103815401","LOC103815401",2.480471488795509,0.7715503049705829,3.2149186810185797,0.0013048148002454425,0.023293306884048678
"103815455","LOC103815455",-3.401018847196553,1.4006914774251586,-2.4280999078030554,0.015178161469476504,0.044728033897755475
"103815472","LOC103815472",4.121223061964669,1.6520666643707937,2.4945864176336237,0.0126104015745899,0.038299165696535756
"103815530","LOC103815530",-5.278880912405867,1.6388479396945963,-3.221092564200679,0.001277028955862302,0.023293306884048678
"103815552","LOC103815552",2.160496493433004,0.7773818229520646,2.7791960522419186,0.005449362479505998,0.023293306884048678
"103815579","LOC103815579",5.851028738329787,2.0275299328944967,2.8857915453691345,0.00390430659156534,0.023293306884048678
"103815619","LOC103815619",3.629558049733309,1.1931568329357498,3.0419790169602594,0.0023502827743652594,0.023293306884048678
"103815687","LOC103815687",4.143169428950442,1.4218519311027842,2.913924676908524,0.0035691601242889897,0.023293306884048678
"103815689","LOC103815689",5.630645190835613,2.3538334122735542,2.3921171147778915,0.016751496150337934,0.048674214566389006
"103815696","LOC103815696",25.96317424456371,9.359367152927696,2.774030959608438,0.005536640890999646,0.023293306884048678
"103815744","LOC103815744",-5.50940617208048,1.4398380884726412,-3.826406744056046,1.3002737636814594e-4,0.023293306884048678
"103815745","LOC103815745",-39.54127950921441,10.734190275048284,-3.683676038529748,2.2989438688479733e-4,0.023293306884048678
"103815754","LOC103815754",-2.520034485561546,0.9710569432729754,-2.595145941769076,0.009455076188316187,0.030543877564656992
"103815775","LOC103815775",-5.1919830572188905,1.659071631440904,-3.129450807804876,0.0017513339361433507,0.023293306884048678
"103815776","LOC103815776",1.3681987507899458,0.5322645240875161,2.5705240324545535,0.010154478095356159,0.032241769053565815
"103815780","LOC103815780",1.9019818610283534,0.5544618992765522,3.4303202140850635,6.028693370236212e-4,0.023293306884048678
"103815819","LOC103815819",3.412180619633292,0.971302073862818,3.5129963287973087,4.430835989163434e-4,0.023293306884048678
"103815834","LOC103815834",-3.025608324356397,1.2083887264726194,-2.50383693431863,0.01228546417791764,0.03747500286303863
"103815854","LOC103815854",-2.4427733635907534,0.9141210841261312,-2.6722645457039884,0.007534122657289657,0.0262522958006419
"103815860","LOC103815860",-4.963826930461365,1.573655255603456,-3.154329331526851,0.001608674386229867,0.023293306884048678
"103815866","LOC103815866",-2.9176243880518995,1.0998705868327023,-2.652697892807356,0.007985130471402743,0.02721160081972368
"103815888","LOC103815888",-2.8028028209730125,1.0589779905576426,-2.6467054518263375,0.008128011497305219,0.02750722835523805
"103815908","LOC103815908",-3.2715196512284,1.3187049267809243,-2.4808579878551527,0.013106657931790971,0.03952824529552905
"103815915","LOC103815915",6.051423404135486,2.447918831463922,2.4720686512781835,0.013433371678660848,0.04033205245950533
"103815935","LOC103815935",3.5415357474562636,0.9803764146241339,3.6124244674062784,3.0334748146625394e-4,0.023293306884048678
"103815951","LOC103815951",3.6468440712501065,1.3680596790957746,2.6657053979256995,0.00768269844693452,0.026539055318952974
"103815952","LOC103815952",1.7109822656932496,0.6034235583069429,2.8354581821330314,0.004576000540417656,0.023293306884048678
"103815979","LOC103815979",-3.9647369895461377,1.0993492605114108,-3.6064398567037426,3.104267663744617e-4,0.023293306884048678
"103815980","LOC103815980",-3.587046744940247,1.3909310268796633,-2.578881824922136,0.009912068931615062,0.03167424538205829
"103815993","LOC103815993",-3.92548358167636,1.2879479299442878,-3.0478589160403113,0.0023047810745390612,0.023293306884048678
"103815995","LOC103815995",-4.615268131328182,1.500830680529173,-3.075142446915397,0.002104020376939301,0.023293306884048678
"103816069","LOC103816069",36.801744780386194,14.527442151089978,2.5332570178312497,0.01130080583381044,0.03509085102584944
"103816082","LOC103816082",2.3555395553378027,0.7737830945344376,3.0441858603218273,0.0023331095166539166,0.023293306884048678
"103816084","LOC103816084",-3.8025042524354276,1.5293962752150052,-2.486277960825336,0.012908709581625996,0.039042425424015106
"103816088","LOC103816088",12.119879870730559,4.749483108781285,2.5518313452514865,0.010715837683946086,0.03363064562365569
"103816145","LOC103816145",1.8201831447898538,0.740106288390769,2.4593537081647043,0.013918741082336757,0.04147830320361637
"103816190","LOC103816190",-5.829942161958678,2.0823442311939013,-2.799701449272924,0.00511498896445463,0.023293306884048678
"103816194","LOC103816194",-2.7982488314353553,1.0486399095173644,-2.668455402124879,0.007620089426681403,0.02643402178929289
"103816211","LOC103816211",3.2336746353450962,1.0143507041711797,3.187925657317223,0.0014329737379836017,0.023293306884048678
"103816224","LOC103816224",4.076507755380737,1.238565609670836,3.2913135352305796,9.97207017344098e-4,0.023293306884048678
"103816239","LOC103816239",5.879027878866339,2.3125956005889052,2.542177230368006,0.0110164297404574,0.03439504962248441
"103816264","LOC103816264",17.521731030051235,7.032518443241171,2.4915300502185045,0.012719420704319489,0.0385729619844487
"103816274","LOC103816274",3.627562352423245,1.4186964147533678,2.5569687176899474,0.010558871249100273,0.03325244375531924
"103816294","LOC103816294",-3.6952336167844586,1.481540366844993,-2.494183553468493,0.012624724048425543,0.03833535461074672
"103816298","LOC103816298",7.545792801469186,2.363565950316645,3.1925459073643716,0.0014102452584706174,0.023293306884048678
"103816299","LOC103816299",9.944517919898862,2.799782165761912,3.5518898725439354,3.824749039908989e-4,0.023293306884048678
"103816303","LOC103816303",-16.526207131706027,5.699154218658533,-2.8997648594243457,0.00373442691921265,0.023293306884048678
"103816304","LOC103816304",2.6014804721802967,0.8550108174931206,3.04262872346785,0.0023452148917140706,0.023293306884048678
"103816308","LOC103816308",3.174805085739764,1.3103379633473076,2.4228902577390072,0.015397577352305476,0.045301438600860035
"103816359","LOC103816359",22.068984791251946,8.736358548982084,2.5261079507575057,0.01153340358168904,0.03563120594746978
"103816365","LOC103816365",1.341839923917868,0.5338138239863838,2.5136852281144653,0.011947701855519702,0.03663872632148444
"103816369","LOC103816369",-4.506821675356432,1.5505795703787866,-2.906540084399199,0.0036545007303740024,0.023293306884048678
"103816386","LOC103816386",-3.6843311017967597,1.511256015737975,-2.437926508433206,0.014771776812259527,0.04368337565106091
"103816392","LOC103816392",-2.4494125025770095,0.924162500089683,-2.6504132144934602,0.008039337850435032,0.027325426395567683
"103816393","LOC103816393",-2.722741650919146,0.933804757166179,-2.9157504607085762,0.0035483417637495926,0.023293306884048678
"103816402","LOC103816402",-6.33891707955884,1.741473410566003,-3.63997350812184,2.726660926226606e-4,0.023293306884048678
"103816424","LOC103816424",-4.044008303300868,1.4392472771038596,-2.8098078541711513,0.004957108500068967,0.023293306884048678
"103816520","LOC103816520",-2.9650535040600925,1.0230137120391045,-2.8983516732635484,0.0037512970048068912,0.023293306884048678
"103816524","LOC103816524",-6.301450003587981,2.1760399520292717,-2.8958337817793955,0.0037815263933574004,0.023293306884048678
"103816532","LOC103816532",3.534164011067456,1.0685292601572522,3.307503259711712,9.413161633579188e-4,0.023293306884048678
"103816538","LOC103816538",-2.498273099743419,1.0427079919128317,-2.395947014044052,0.016577486535235792,0.048245452304372625
"103816556","LOC103816556",-13.557310203684443,4.027053165353232,-3.3665585347431755,7.611242704379484e-4,0.023293306884048678
"103816586","LOC103816586",3.3922094929162947,1.3332802356300226,2.5442584403970816,0.010951002682483781,0.03421497973895446
"103816634","LOC103816634",-3.3066162856484915,1.1261615104108669,-2.9361830031307954,0.003322782341016035,0.023293306884048678
"103816667","LOC103816667",-4.288691859688397,1.7011305465864388,-2.5210833279634355,0.011699414321435656,0.03603213299221634
"103816688","LOC103816688",-6.67827194230934,2.4878426861981784,-2.6843626324760943,0.007266823878277409,0.025717292972251057
"103816695","LOC103816695",18.819070474326843,7.703579713636831,2.4428994277833507,0.014569796875951828,0.04315604065178189
"103816717","LOC103816717",4.508312149773247,1.2813543601910669,3.518396073589665,4.341638345514185e-4,0.023293306884048678
"103816730","LOC103816730",-3.4977856420704962,1.45600698876566,-2.402313772570397,0.016291727445782885,0.04751488532197861
"103816759","LOC103816759",3.0462306401884094,1.245207709930318,2.446363458799076,0.014430544504063468,0.042797624265777254
"103816762","LOC103816762",4.654627198275598,1.846450262131722,2.520851654515645,0.0117071195485217,0.036051582639273154
"103816764","LOC103816764",2.0140091191860243,0.6809926861451576,2.9574607189785977,0.0031018426778103565,0.023293306884048678
"103816779","LOC103816779",-4.682367999470992,1.9162914039511638,-2.443453010234513,0.014547463898478833,0.04310155474126097
"103816858","LOC103816858",2.6000826248310918,1.0906780349561709,2.3839139888203364,0.017129605436103167,0.04959293403483038
"103816892","LOC103816892",-3.2329391449826512,1.3391122082828861,-2.4142406625716433,0.015768043517801218,0.046221582078697004
"103816895","LOC103816895",-10.88437653727151,4.528625150922667,-2.4034615748786177,0.01624067371209442,0.047395456462795145
"103816911","LOC103816911",2.879681670575184,1.1762276352665941,2.4482350050570774,0.01435579871670087,0.042599032540818475
"103816984","LOC103816984",1.625445198158695,0.6354200676725271,2.55806399711693,0.010525671950165445,0.03317795502404984
"103817003","LOC103817003",-4.974069990529072,1.8211039294963263,-2.731348776950243,0.006307568055886788,0.02390795255952591
"103817019","LOC103817019",-1.9155632215747678,0.7663916715488028,-2.499457252325826,0.012438370453607201,0.037892137267929005
"103817022","LOC103817022",-3.323715234435499,1.1731049236434936,-2.8332633914045147,0.004607540380309902,0.023293306884048678
"103817026","LOC103817026",-4.244050902553244,1.318725580154494,-3.2182972457818226,0.0012895410456483867,0.023293306884048678
"103817031","LOC103817031",-3.5308711991939905,1.1766970246703279,-3.0006629788013828,0.0026939254606572435,0.023293306884048678
"103817032","LOC103817032",3.361489951847759,1.25221130800455,2.684443057142193,0.007265075794412314,0.025715987347319308
"103817060","LOC103817060",4.520953942242163,1.707655105339032,2.647463137086214,0.008109820092209643,0.02747965251884535
"103817089","LOC103817089",3.4960048762534357,1.3334577900456268,2.6217589355669166,0.008747728223177684,0.028834746358780857
"103817172","LOC103817172",-4.453790132548951,1.8395854578821107,-2.4210835726417073,0.01547431926490744,0.04549707703428755
"103817214","LOC103817214",5.569709930507009,1.686096596617567,3.303316038760919,9.554863745688166e-4,0.023293306884048678
"103817240","LOC103817240",-5.803936146649959,1.5771236811830398,-3.680076721881623,2.3316379142988985e-4,0.023293306884048678
"103817247","LOC103817247",2.6893359585754673,0.9540294222735693,2.81892350045814,0.004818500041447446,0.023293306884048678
"103817282","LOC103817282",-3.5718679160769757,1.3002437273161238,-2.7470756759194574,0.006012925870051802,0.023547084770094047
"103817359","LOC103817359",-3.6319106124490292,1.2880443135390736,-2.8197093642452957,0.004806716311854599,0.023293306884048678
"103817398","LOC103817398",-1.5509876662001107,0.5633322327834408,-2.753237922383095,0.005900899476780775,0.023441942742979314
"103817400","LOC103817400",-3.4977090184287527,1.4163035451333796,-2.4696040834236266,0.01352626627900494,0.040540522775431145
"103817465","LOC103817465",-2.9075479012188015,1.027242540105343,-2.830439538573465,0.004648409595847751,0.023293306884048678
"103817478","LOC103817478",-5.380503361277044,1.5504655053418994,-3.47025028466568,5.19973592874849e-4,0.023293306884048678
"103817503","LOC103817503",-3.3291367957310976,1.3835207188938052,-2.4062789593732363,0.01611595336871891,0.04708588831718425
"103817526","LOC103817526",0.9339846958668123,0.2897900511348327,3.222970188967083,0.0012686875667351596,0.023293306884048678
"103817551","LOC103817551",3.112265666409758,1.2729629032847207,2.444898950612738,0.01448927316411569,0.04294464660322934
"103817552","LOC103817552",3.3614361670425237,1.3046702073563676,2.576464265136971,0.009981652246890797,0.03184082093407291
"103817571","LOC103817571",1.6506025800593167,0.6702921639905249,2.46251212341884,0.01379675084497902,0.04118534542223662
"103817574","LOC103817574",1.9404364732679649,0.8047911849357235,2.4111055259917418,0.015904246039756972,0.0465543384567514
"103817583","LOC103817583",-0.626706239337387,0.2594243246743288,-2.415757428005757,0.015702518353364222,0.04605828904898703
"103817602","LOC103817602",2.941121752289774,1.1370531647763693,2.586617621233411,0.009692308407366589,0.031129536755108538
"103817624","LOC103817624",-3.283776575884147,1.2218867157094826,-2.6874640125516365,0.007199685997498208,0.025581050756612506
"103817644","LOC103817644",-2.946451210881679,1.0691754826389452,-2.7558162890241653,0.00585458696874305,0.023429724786367654
"103817684","LOC103817684",1.6098833425381485,0.6355992727688462,2.532859006469676,0.011313644967010383,0.035120754358213005
"103817707","LOC103817707",-1.069730654557051,0.4291617804801399,-2.4926046614874515,0.012680995127153804,0.03847523818222325
"103817791","LOC103817791",4.289771109373659,1.661012887853423,2.5826236152312214,0.00980522287059955,0.03141230244250811
"103817845","LOC103817845",2.4362008850254013,0.9149635766294703,2.662620619281746,0.0077534775624276756,0.026707688028194534
"103817852","LOC103817852",-4.015512071050545,1.4062964632360944,-2.855380907245022,0.004298524070805966,0.023293306884048678
"103817876","LOC103817876",-5.9642986595338074,2.0653726337595417,-2.8877591200950294,0.0038799687871390112,0.023293306884048678
"103817950","LOC103817950",-2.5111877968549914,1.0108216094816214,-2.484303633103769,0.01298050764768875,0.03921262196192956
"103817971","LOC103817971",-0.9930886425023397,0.412809238108443,-2.405684153418728,0.016142213984515062,0.04715422188323554
"103817980","LOC103817980",3.6145660592598214,1.3214895540920613,2.735221060255171,0.0062338395814664485,0.023842528713928356
"103818036","LOC103818036",3.1741871534785884,0.9831025949506392,3.2287445580773406,0.0012433489875668176,0.023293306884048678
"103818041","LOC103818041",14.826742180220299,6.193510434044341,2.393915750705935,0.016669577285877774,0.048461917886002376
"103818053","LOC103818053",2.4223048387232557,0.9123066012610338,2.6551433864174943,0.007927470393709774,0.02710318071746963
"103818060","LOC103818060",-0.6007244465341173,0.17197412726938652,-3.4931094349623923,4.7743080985664533e-4,0.023293306884048678
"103818074","LOC103818074",-4.02023415909734,1.4594506798973637,-2.7546214575610493,0.005876007587231046,0.023441942742979314
"103818075","LOC103818075",-3.6286003869846057,0.9149026835285667,-3.966105305309564,7.305659518929833e-5,0.023293306884048678
"103818096","LOC103818096",-3.1778684177502448,1.1503188497656407,-2.7625978817939787,0.00573433650987343,0.023383367211262385
"103818114","LOC103818114",-4.860455768265595,1.7324627425928925,-2.805518207561098,0.005023574312082158,0.023293306884048678
"103818118","LOC103818118",-5.866608512057906,1.6377684336526273,-3.582074481050977,3.408765692384063e-4,0.023293306884048678
"103818137","LOC103818137",-3.294935571204836,1.3251360478120007,-2.4864885206656866,0.012901073170560972,0.03902651893147217
"103818153","LOC103818153",-4.028068251167493,1.5071323511232189,-2.6726705509078212,0.007525011194500356,0.026244560677173377
"103818154","LOC103818154",-3.1954399916947156,1.333153397036461,-2.396903461220616,0.01653427932305465,0.04813250530128348
"103818187","LOC103818187",-3.586330268262838,1.093339650484059,-3.2801611710277285,0.0010374780020179196,0.023293306884048678
"103818227","LOC103818227",-2.1377240319888653,0.8704301887377207,-2.4559396717259396,0.014051674455013596,0.04184027197387471
"103818267","LOC103818267",-3.404636386399608,0.7899076663945651,-4.310170075876901,1.6312903708959813e-5,0.023293306884048678
"103818278","LOC103818278",-6.076259862280368,1.8314594288003498,-3.3177146961210413,9.075713594954325e-4,0.023293306884048678
"103818289","LOC103818289",-2.4503848021454435,0.5262400230562201,-4.656401441901846,3.2178421220922716e-6,0.023293306884048678
"103818306","LOC103818306",3.5224020384013297,1.1324026760698873,3.110556088251368,0.001867354283653784,0.023293306884048678
"103818370","LOC103818370",3.125991565873997,1.245261370964456,2.510309593441346,0.012062535476832087,0.03692191493176164
"103818374","LOC103818374",-6.760781831498628,2.2579969493570107,-2.9941501176181102,0.00275210500934212,0.023293306884048678
"103818378","LOC103818378",-4.490694156242229,1.754145456005169,-2.5600466260472965,0.010465812070155397,0.03302907280963882
"103818410","LOC103818410",-4.0599414658377295,1.479205552499392,-2.7446770051516545,0.006057048014256166,0.023609659042304686
"103818423","LOC103818423",2.1536495937310534,0.879059583360788,2.449947232811341,0.014287715128715978,0.04242384143030027
"103818426","LOC103818426",-3.8527418775731506,1.3069884730751327,-2.947800961479233,0.0032004305287450107,0.023293306884048678
"103818584","LOC103818584",-5.966952386333119,1.88999144351195,-3.157131957828036,0.0015932922654025865,0.023293306884048678
"103818612","LOC103818612",-2.4977147672018587,1.0124313786279522,-2.467045984476265,0.013623286115954383,0.04080523411158969
"103818627","LOC103818627",-3.732515133709848,1.3723095415371025,-2.7198784390357846,0.006530591922524314,0.024311276097977702
"103818636","LOC103818636",-4.392196974956924,1.6558342074495185,-2.6525584235406185,0.00798843018226238,0.02721566180896991
"103818662","LOC103818662",-2.6066881068000334,0.9434175139768273,-2.763027046012695,0.005726802088910484,0.023383367211262385
"103818666","LOC103818666",-3.1224425841365835,1.2032501519669268,-2.595007014154451,0.009458898864420176,0.030550214963050566
"103818677","LOC103818677",1.3614952295898868,0.559923538103729,2.4315734862670877,0.01503339838225972,0.04437058869457024
"103818685","LOC103818685",3.0192333374758435,1.1929550644783269,2.530886055457704,0.011377480242495285,0.03526957798390111
"103818690","LOC103818690",-1.9968637512362613,0.7806770814695726,-2.5578613726911237,0.010531806742660382,0.033186309269530805
"103818709","LOC103818709",-2.7451522537370323,0.7696889658735058,-3.566573480264992,3.6167942861344536e-4,0.023293306884048678
"103818729","LOC103818729",1.7914043491553362,0.7497359116738445,2.389380475527556,0.016876814351709984,0.04897333826107341
"103818732","LOC103818732",3.006670646269648,0.8594370416841075,3.4984187327764404,4.68025697323112e-4,0.023293306884048678
"103818734","LOC103818734",-4.806994783605476,1.9201685818929664,-2.5034233082110844,0.012299833409670004,0.037511864218196626
"103818740","LOC103818740",2.508744205610149,0.9330833791654126,2.688660265124507,0.007173938972639063,0.02553101151394223
"103818742","LOC103818742",-4.610647513808595,1.8272939317149028,-2.5232106525311635,0.011628871682416908,0.03587207561259647
"103818778","LOC103818778",2.2543413637425544,0.9033288148395486,2.4955933284857914,0.01257466715024849,0.03821162621112993
"103818782","LOC103818782",-5.200085549711956,1.6295949045834877,-3.191029583540002,0.0014176676340833657,0.023293306884048678
"103818871","LOC103818871",-4.134237449538754,1.7262231603900473,-2.3949611755901863,0.016622125234545756,0.048345368053067175
"103818912","LOC103818912",-6.451518668590881,2.0527435240847307,-3.1428761522789164,0.0016729660763269334,0.023293306884048678
"103818919","LOC103818919",-1.9691827795177568,0.6996470147963252,-2.814537528029055,0.0048847473907171835,0.023293306884048678
"103818943","LOC103818943",-4.906219786155175,1.7676303248255185,-2.7755915460657556,0.005510138431326388,0.023293306884048678
"103818960","LOC103818960",-6.415539447082734,2.2859097844383345,-2.806558461212012,0.005007382539502593,0.023293306884048678
"103818961","LOC103818961",3.2837701751013144,1.280326667846242,2.564790890925715,0.010323800193300333,0.03264679336866254
"103818975","LOC103818975",27.92021756740957,11.545024691776657,2.4183766005538914,0.015589932363815165,0.04576894127624349
"103818986","LOC103818986",5.913709874987373,1.6760645185182232,3.5283306875415343,4.181893756745597e-4,0.023293306884048678
"103818991","LOC103818991",7.697266664774178,3.0667718221830276,2.509892196444864,0.012076802392017055,0.03694374241979302
"103818992","LOC103818992",2.8635567381793137,0.9429430012171598,3.036829091984359,0.002390809703638483,0.023293306884048678
"103819018","LOC103819018",-3.552909238522986,1.330908155196498,-2.669537506890118,0.00759557893667854,0.02638244354246305
"103819025","LOC103819025",-2.191217903888613,0.8333537955805023,-2.6293969206227015,0.008553645911426742,0.028426154843703
"103819107","LOC103819107",-13.489848172828452,5.159418452503404,-2.6146063353870894,0.008933034906941816,0.029263420945278618
"103819134","LOC103819134",1.945546977024803,0.6914809192938545,2.8135945949334515,0.004899096965876553,0.023293306884048678
"103819139","LOC103819139",2.383516334189487,0.9722910474984804,2.451443259013667,0.014228461726880519,0.042267014596977744
"103819142","LOC103819142",56.316538397155504,17.981234688728517,3.1319617018545096,0.0017364252456703805,0.023293306884048678
"103819178","LOC103819178",1.9273854150183711,0.786513767241143,2.450542501981965,0.014264112160948557,0.042361419925161445
"103819251","LOC103819251",1.3610908602565557,0.5385100505308226,2.527512455737632,0.011487374915486891,0.03552571046200401
"103819258","LOC103819258",2.2725799138900618,0.8963435637048512,2.5353893372055034,0.011232241103642793,0.03490765777539115
"103819259","LOC103819259",1.273379414355606,0.5337204652824986,2.385854575918511,0.017039487546563183,0.04938864178176691
"103819281","LOC103819281",-3.3548904418656242,1.1915923224921559,-2.8154683263224105,0.004870619784722503,0.023293306884048678
"103819292","LOC103819292",-12.4231927249772,4.340952854423229,-2.8618584770665145,0.004211649218416288,0.023293306884048678
"103819309","LOC103819309",24.931078009155026,9.557748086583091,2.6084677879460543,0.009094857121749879,0.029692804885705033
"103819311","LOC103819311",37.02055072815248,14.829505719758856,2.4964116422859757,0.012545691945035914,0.03814829128758188
"103819318","LOC103819318",-5.286024066271703,1.500766825825785,-3.5222154270121946,4.279562260941927e-4,0.023293306884048678
"103819327","LOC103819327",-4.950325299135931,1.7788754467381656,-2.7828397475568587,0.0053885414423578875,0.023293306884048678
"103819328","LOC103819328",3.692948643083029,1.5402680064199576,2.3976013445001323,0.016502815101720334,0.04805369200513351
"103819348","LOC103819348",-6.449388787658277,2.425474535193804,-2.6590214385173696,0.00783679761007224,0.0269043718871928
"103819410","LOC103819410",-4.872521785993398,1.3731363530131704,-3.548461720717887,3.874883164091532e-4,0.023293306884048678
"103819416","LOC103819416",2.358346938843526,0.8251634349055988,2.8580361648154318,0.004262718056977133,0.023293306884048678
"103819448","LOC103819448",-4.918928600271028,1.76356179798724,-2.7892011529649943,0.005283823582742486,0.023293306884048678
"103819494","LOC103819494",-2.9830392004711332,1.229667129893694,-2.425891631932147,0.015270829426408318,0.04498092880476278
"103819498","LOC103819498",1.371869923507979,0.4583503417312236,2.9930596720541836,0.002761957414211521,0.023293306884048678
"103819515","LOC103819515",48.199408719814045,18.181774118626702,2.6509739041601637,0.008026004237608127,0.027305545864431173
"103819534","LOC103819534",78.3868278051069,31.610597366693828,2.479764203624268,0.013146929111617554,0.03963513639251223
"103819559","LOC103819559",3.2387150652348877,1.1559980963324026,2.801661244521296,0.0050840227417333315,0.023293306884048678
"103819581","LOC103819581",-2.6313793707040993,0.9383879138794428,-2.8041488299072017,0.005044961141790433,0.023293306884048678
"103819613","LOC103819613",1.9502806483249384,0.7748279889243034,2.5170498177699034,0.011834209490958144,0.036351804137535755
"103819697","LOC103819697",-9.64216446429281,3.432587185142339,-2.809007883624368,0.004969442966033304,0.023293306884048678
"103819726","LOC103819726",4.398129342775902,1.746615951763278,2.518086095764679,0.01179944747138203,0.03627896416100362
"103819758","LOC103819758",-2.4347835223267094,0.9953317754832003,-2.446202946896479,0.0144369709779152,0.04280895015703673
"103819780","LOC103819780",-3.291593645842208,1.0126980560089345,-3.250320889144837,0.001152748564600967,0.023293306884048678
"103819784","LOC103819784",-0.82067111155242,0.3164141011034544,-2.593661624720367,0.009495989428182913,0.030642881266334913
"103819791","LOC103819791",-19.424817302029094,4.773335869435382,-4.069442803388309,4.712570671219173e-5,0.023293306884048678
"103819796","LOC103819796",7.1047539864196025,2.5757278853540555,2.758348048649943,0.0058094306955292895,0.02340888582419045
"103819798","LOC103819798",-0.9474746421900796,0.3845845097189451,-2.4636318370765777,0.013753730403284897,0.041087251757024504
"103819799","LOC103819799",-1.7137237199597657,0.5996712825703874,-2.8577718656364284,0.0042662699570901325,0.023293306884048678
"103819809","LOC103819809",-3.225569420972473,1.0399765169965223,-3.1015790916971824,0.0019249144281895218,0.023293306884048678
"103819829","LOC103819829",3.033661061399917,1.1418149316462898,2.656876326731801,0.00788683700647845,0.027014021100637744
"103819845","LOC103819845",4.275026266360708,1.311874466611816,3.258715963427383,0.0011191765729151636,0.023293306884048678
"103819888","LOC103819888",-2.838502646257358,0.7819868761148067,-3.6298596983622855,2.8357531381874827e-4,0.023293306884048678
"103819909","LOC103819909",-4.622509366289122,1.7855074284761034,-2.588905144031994,0.009628161225075269,0.03095681998277726
"103819960","LOC103819960",3.4778191037939576,1.4111963704606272,2.4644473133521214,0.013722473645450936,0.04102373665435091
"103820038","LOC103820038",6.747428893666731,2.630354242882595,2.5652167999517244,0.010311135575625472,0.03261302624892465
"103820064","LOC103820064",-2.4511003870111208,0.9398134199525854,-2.6080712777380657,0.009105399208352205,0.0297111919863854
"103820104","LOC103820104",-2.573043041954432,1.032567731678702,-2.491887905281811,0.012706613217424844,0.038544802141622994
"103820107","LOC103820107",-3.8540304267644165,1.567916858438272,-2.458057904041694,0.01396906490646472,0.04161693831220966
"103820115","LOC103820115",3.0776924786376774,1.0489450128549198,2.934083713560069,0.003345339678421355,0.023293306884048678
"103820149","LOC103820149",-2.569997009260388,0.8519220980240148,-3.0167042446971983,0.002555390011998512,0.023293306884048678
"103820203","LOC103820203",-9.329774649291732,3.2038338197089105,-2.9120657232276184,0.003590470802651171,0.023293306884048678
"103820244","LOC103820244",8.09348940589696,3.204569260422862,2.5256091375066663,0.011549790113879207,0.035678408937727904
"103820254","LOC103820254",2.911808782692686,1.108800964071418,2.626087888669202,0.008637251238018801,0.02861064286869452
"103820264","LOC103820264",1.7483211670699468,0.6607774141874574,2.6458549120051518,0.008148475771821583,0.027556602481407955
"103820311","LOC103820311",4.041479283792245,1.1073415117651444,3.649713517332131,2.6253294054259785e-4,0.023293306884048678
"103820319","LOC103820319",27.09096712287441,11.337429216027443,2.389515877600945,0.01687059462461654,0.048959616749572166
"103820360","LOC103820360",-2.5236758787722033,0.9284068118257249,-2.7182866892255557,0.006562095261098574,0.024366625696830516
"103820365","LOC103820365",-3.1660721377899215,1.277065663134403,-2.479177249209865,0.013168584803792122,0.03968949086173219
"103820368","LOC103820368",-3.890020932906642,1.48746697454727,-2.6151981855534108,0.0089175695061467,0.029240187012545382
"103820382","LOC103820382",-2.9413884376000565,0.929434392984384,-3.1647079770260627,0.001552386713430567,0.023293306884048678
"103820396","LOC103820396",1.6728372068307993,0.6761505105340607,2.4740604063280243,0.013358710752770212,0.04014609319518751
"103820400","LOC103820400",-2.6794878329566183,1.1249860799333382,-2.3817964335304427,0.017228418278469455,0.0498526382088011
"103820432","LOC103820432",-3.097961482910867,1.0992760850141836,-2.8181832800182267,0.004829623266090766,0.023293306884048678
"103820440","LOC103820440",13.353365010024438,5.1973731031042965,2.5692527253909705,0.01019180994047086,0.03233841202023775
"103820467","LOC103820467",-4.3289982252222465,1.1820142496858457,-3.6623908945030084,2.4987218680807123e-4,0.023293306884048678
"103820483","LOC103820483",-18.01220540534363,5.855088804306238,-3.076333426761385,0.002095633578404412,0.023293306884048678
"103820497","LOC103820497",11.638221365001794,4.867880619247709,2.390818977561612,0.016810839192256538,0.048816405239104195
"103820525","LOC103820525",-0.4386372512715926,0.1788175458593413,-2.452987760030141,0.014167515931819509,0.04211785050089918
"103820545","LOC103820545",1.2291280816885104,0.48558581107951365,2.531227341581534,0.011366415033444434,0.03525123936980396
"103820550","LOC103820550",2.541769544343001,1.0251853147322025,2.4793269156483757,0.013163059864371832,0.03967648100493755
"103820563","LOC103820563",-4.269634564963853,1.7570631426278849,-2.42998356825022,0.015099507374149427,0.044528222123479635
"103820577","LOC103820577",-4.952646914190812,1.925286886844316,-2.5724202185309415,0.010099022930067711,0.03212471603234288
"103820594","LOC103820594",-3.4806365489764004,1.113216667763949,-3.1266478932333492,0.0017681154887930909,0.023293306884048678
"103820596","LOC103820596",-3.2330939744347083,1.1878053649650941,-2.721905515664781,0.006490669700280231,0.024208648862837325
"103820599","LOC103820599",6.094124199206872,1.772141383362032,3.438847631697058,5.841959407884235e-4,0.023293306884048678
"103820623","LOC103820623",12.730595414999392,5.1171009773528775,2.4878530776199463,0.01285168134989351,0.03891295697550752
"103820635","LOC103820635",13.061711007087213,5.022965299135057,2.6003984159190607,0.00931155830929628,0.030219996592609873
"103820636","LOC103820636",1.4935651021184824,0.6047634277252858,2.469668358975132,0.013523836412185051,0.04053694036495198
"103820665","LOC103820665",-2.9521912300138005,1.022450865056926,-2.8873673355926344,0.0038848039264751965,0.023293306884048678
"103820703","LOC103820703",-3.705589459203405,1.2951986475438615,-2.861020173415458,0.004222801808202432,0.023293306884048678
"103820710","LOC103820710",-4.509835138005126,1.5313778826393851,-2.9449525091953546,0.0032300423716161634,0.023293306884048678
"103820715","LOC103820715",-3.370060548081802,1.2791980636922096,-2.634510357492754,0.0084258733064813,0.02816007900431939
"103820730","LOC103820730",4.339532565245779,1.2832549277957275,3.3816605502539394,7.204911618079817e-4,0.023293306884048678
"103820734","LOC103820734",13.843647182292289,5.263210413764283,2.630266718216044,0.008531790213376399,0.028373625024410078
"103820776","LOC103820776",-3.3917764884462462,1.118530461733058,-3.0323505746915527,0.0024265720330522646,0.023293306884048678
"103820796","LOC103820796",3.2537487329932238,1.0467296938661748,3.108489949277409,0.0018804604181377803,0.023293306884048678
"103820843","LOC103820843",-3.390099742494807,1.0835839913327436,-3.12859895459067,0.0017564185789766648,0.023293306884048678
"103820867","LOC103820867",-3.1088658011962536,1.1425728820572434,-2.7209343491494646,0.006509768846183118,0.024255759225553394
"103820901","LOC103820901",1.1789462542170357,0.4563765286110047,2.5832753884280444,0.009786716938642408,0.03136831940290754
"103820914","LOC103820914",2.628067384366071,0.9540878040633686,2.7545340933752467,0.005877576597022271,0.023441942742979314
"103820986","LOC103820986",-2.4229884631856304,0.8118032765294977,-2.9846990437683814,0.00283857454583743,0.023293306884048678
"103820988","LOC103820988",-3.5190336776030784,1.4391966932902123,-2.4451374117307463,0.014479696225549085,0.04292401100304069
"103821015","LOC103821015",-4.630858056441007,1.3552849396012918,-3.4168888926068557,6.334112472288137e-4,0.023293306884048678
"103821022","LOC103821022",1.6731054269049699,0.6435730427746968,2.5997133436347077,0.009330166239191497,0.030247499831912876
"103821052","LOC103821052",-5.578176879981023,1.7004878702012571,-3.280339117809074,0.0010368237923072195,0.023293306884048678
"103821077","LOC103821077",-5.6465723131943495,1.9560773830122293,-2.8866814586338108,0.0038932817360170097,0.023293306884048678
"103821090","LOC103821090",-2.2995150866070357,0.7909267202514144,-2.9073680629680605,0.0036448406193825985,0.023293306884048678
"103821091","LOC103821091",1.6328963806822236,0.5978848325926619,2.731121934639733,0.006311911382197369,0.023909759926454225
"103821097","LOC103821097",2.919072430033452,1.1548261582812238,2.5277158896175593,0.011480721482291617,0.03551182375408035
"103821171","LOC103821171",-5.300544780392884,1.5928251177715442,-3.3277631808121266,8.754625321422614e-4,0.023293306884048678
"103821174","LOC103821174",-0.5436217508068094,0.2015360513986632,-2.697392089574378,0.0069884930852158605,0.025181204417143742
"103821200","LOC103821200",-1.8608546880051091,0.7193154766824068,-2.586979911217337,0.00968212367571695,0.031099867811435172
"103821230","LOC103821230",31.35369826865959,11.519145278073507,2.7218771455500965,0.006491226916867265,0.024208648862837325
"103821233","LOC103821233",-4.816757770711738,1.5372818320232255,-3.133295190493714,0.001728555052293574,0.023293306884048678
"103821238","LOC103821238",-2.7224528788462115,1.0575784424737222,-2.5742325765247966,0.010046271595171873,0.032015847962328765
"103821293","LOC103821293",4.408825852205925,1.6332955569470031,2.699343565500792,0.006947641058719981,0.025070760140895907
"103821295","LOC103821295",-1.825087006928741,0.7130770223664664,-2.5594528356444326,0.01048370804442843,0.03307601325365264
"103821304","LOC103821304",-3.576192984615937,1.34466878621276,-2.659534467731814,0.007824872313696956,0.02688310741319722
"103821330","LOC103821330",4.96901121661545,1.7393891228886076,2.8567565194172317,0.004279940106194723,0.023293306884048678
"103821331","LOC103821331",-3.2137434218370102,1.3420528071683333,-2.3946475166039507,0.01663634980955694,0.048379369993672504
"103821342","LOC103821342",3.519295655540443,1.2134220068996115,2.900306435460586,0.0037279800872982226,0.023293306884048678
"103821352","LOC103821352",-3.4577566807922304,1.1493414789846161,-3.0084676695449817,0.002625687375875196,0.023293306884048678
"103821358","LOC103821358",-1.2761932771851192,0.5175130119248731,-2.4660119606236743,0.01366267719658316,0.04089337676140487
"103821363","LOC103821363",-1.8803960664150994,0.7367569903674502,-2.5522609096348994,0.010702633805543604,0.0336020553210254
"103821367","LOC103821367",2.922953073472798,1.1751729430844946,2.487253549082638,0.01287336137981803,0.038957045856676975
"103821387","LOC103821387",2.6626332327986115,0.8840891110868923,3.011724948772631,0.0025976785450030518,0.023293306884048678
"103821387","LOC103821387",2.6626332327986115,0.8840891110868923,3.011724948772631,0.0025976785450030518,0.023293306884048678
"103821423","LOC103821423",-3.738194167865966,1.1748143604109655,-3.1819445640401405,0.001462898164869522,0.023293306884048678
"103821442","LOC103821442",2.747877499897493,1.1031049156551074,2.4910391213927237,0.012737009435365751,0.038612036543329245
"103821450","LOC103821450",-5.0037312172589266,1.717631225058113,-2.913158042460269,0.003577934690134203,0.023293306884048678
"103821479","LOC103821479",-8.879737255037728,3.08180524183425,-2.881342770950907,0.003959847443862405,0.023293306884048678
"103821582","LOC103821582",-5.684193093651703,1.8693041065806808,-3.0408070434559695,0.00235944984422768,0.023293306884048678
"103821628","LOC103821628",14.263789922353311,4.580084062412213,3.114307451125894,0.0018437725487675247,0.023293306884048678
"103821685","LOC103821685",-7.198675766790708,1.8859492223391574,-3.8170040219121777,1.3508196901613993e-4,0.023293306884048678
"103821728","LOC103821728",-0.972890823421179,0.4072743769114315,-2.388784756848944,0.016904202746705326,0.04904414535524632
"103821770","LOC103821770",3.329596528554772,1.2746051538305767,2.6122572300514557,0.00899465493649624,0.029430044861476583
"103821772","LOC103821772",1.8478430042569765,0.7419945829368279,2.490372634451293,0.012760922415304413,0.03867024703129719
"103821850","LOC103821850",-42.93977360554332,17.5599207493326,-2.4453284396044515,0.01447202830106022,0.0429051537008588
"103821852","LOC103821852",31.010559265123774,12.073806249689488,2.5684161749673016,0.010216441792229271,0.032397783446596086
"103821868","LOC103821868",1.3761595632596373,0.5485907205170529,2.5085359846455138,0.012123261941372044,0.0370628661622914
"103821870","LOC103821870",3.4280433631314176,1.0077768638029747,3.401589663603963,6.699514731283443e-4,0.023293306884048678
"103821905","LOC103821905",3.7205503325930764,1.553721333178184,2.394605939394922,0.016638236156683618,0.048379369993672504
"103821908","LOC103821908",-3.0584769263519833,1.231998507860462,-2.4825329794136333,0.013045199169490406,0.03936096944780812
"103821936","LOC103821936",-2.966148031390322,0.9586589056695867,-3.094059851578368,0.0019743765184636075,0.023293306884048678
"103821938","LOC103821938",1.8693174659800202,0.597727113996908,3.127376058750599,0.0017637416753347433,0.023293306884048678
"103821941","LOC103821941",3.892910274786871,1.5255835220442011,2.5517516534070697,0.010718288830687641,0.0336329561203146
"103821951","LOC103821951",-2.0074223556036594,0.7526799842820652,-2.6670329987828962,0.007652415780904992,0.026474939539929597
"103821965","LOC103821965",10.095998137163196,3.6911221561435013,2.7352110577969966,0.006234029025067762,0.023842528713928356
"103821969","LOC103821969",-4.820173886097547,1.6328307113289096,-2.952035292240773,0.0031568684729003987,0.023293306884048678
"103821997","LOC103821997",-2.2398376370766395,0.8130713958975446,-2.754785924554751,0.005873054880322012,0.023441942742979314
"103822023","LOC103822023",1.7140081953369155,0.6793754262334355,2.522917563915503,0.011638568109011026,0.03589187050730422
"103822027","LOC103822027",2.818482589402944,0.9464147353283537,2.978062876868761,0.002900764700923035,0.023293306884048678
"103822037","LOC103822037",9.166665648259062,3.76595907136151,2.4340853085652445,0.014929476001064,0.044086196152435954
"103822053","LOC103822053",3.5592003205831317,1.3105541929844449,2.7157978965203893,0.00661162651679074,0.02446116865689929
"103822055","LOC103822055",28.12935026541534,9.997162385138179,2.813733455728652,0.004896981388033271,0.023293306884048678
"103822127","LOC103822127",2.090788144199088,0.8298765532289709,2.519396572977065,0.011755617112206209,0.036171299059336394
"103822174","LOC103822174",2.770499769830879,1.1183941746245512,2.4772122679921376,0.013241312538682246,0.03985746753713723
"103822183","LOC103822183",3.2562435914751715,1.2792162030002352,2.545499020289202,0.010912167005785435,0.03412286585409133
"103822196","LOC103822196",15.607017903565442,4.945545052345744,3.1557730722042066,0.0016007334744782488,0.023293306884048678
"103822257","LOC103822257",-3.5383614667905494,1.3988284465331764,-2.529517808677641,0.011421937740728914,0.0353724395812285
"103822260","LOC103822260",3.052639129971704,1.243886008132107,2.4541148545884264,0.014123186434134228,0.04201129764254061
"103822284","LOC103822284",-5.321312384411411,1.3778006968817933,-3.8621786129550393,1.123803531339668e-4,0.023293306884048678
"103822291","LOC103822291",3.927528494391686,1.5998892536161327,2.45487522684119,0.014093349592225298,0.04195295018233232
"103822338","LOC103822338",3.6451610794006988,1.0036894418615891,3.6317619049970777,2.8149277689933804e-4,0.023293306884048678
"103822357","LOC103822357",-3.203255430156999,1.3327525704330943,-2.4034884653166055,0.01623947932481182,0.047395456462795145
"103822369","LOC103822369",4.897384611565582,1.9843941197531478,2.46794956849338,0.013588946307469945,0.040713519760878565
"103822378","LOC103822378",4.653813121182698,1.5506166861533577,3.0012659883903963,0.002688596011146663,0.023293306884048678
"103822401","LOC103822401",-2.4962711055899085,0.8787928732455359,-2.8405682175945994,0.004503324011491283,0.023293306884048678
"103822406","LOC103822406",-5.233091640152634,1.8038259527362999,-2.9011067460329727,0.0037184718419816746,0.023293306884048678
"103822424","LOC103822424",4.068956435038612,1.117543909258414,3.640981263759661,2.716009034998261e-4,0.023293306884048678
"103822446","LOC103822446",41.99756011663274,17.369619723589846,2.417874471920387,0.015611461333872794,0.04582395149618982
"103822463","LOC103822463",-2.4972544395212792,0.8499756866592189,-2.938030438654776,0.003303045923380247,0.023293306884048678
"103822514","LOC103822514",3.4238918511992633,1.0509845366435875,3.2577946980397696,0.001122816061720276,0.023293306884048678
"103822516","LOC103822516",4.998007076002316,1.8774611626262543,2.662109435601288,0.007765262755540029,0.026745477532298473
"103822535","LOC103822535",-3.9845775668064833,1.6672263822496987,-2.3899439267688587,0.016850945314130953,0.04890691579989178
"103822606","LOC103822606",3.28621417451443,1.1037042342537577,2.9774409416271945,0.0029066563829587165,0.023293306884048678
"103822663","LOC103822663",-3.763203211441328,1.3161408106704038,-2.8592709692851646,0.004246159104227309,0.023293306884048678
"103822670","LOC103822670",-2.3163570931761135,0.9551253251321473,-2.425186551152993,0.015300522125175003,0.04505626398726422
"103822686","LOC103822686",-3.333171964483296,1.3974736730131492,-2.3851411506712035,0.017072569449088224,0.04946706188593035
"103822746","LOC103822746",2.296161048409912,0.9398480788283254,2.443119372305844,0.0145609201167372,0.04313363867854107
"103822758","LOC103822758",24.608372078630477,8.327921104040943,2.9549237764380116,0.0031274630886134937,0.023293306884048678
"103822759","LOC103822759",1.194521990858704,0.4381053911114365,2.7265630943922012,0.006399771592643123,0.024020358993237803
"103822773","LOC103822773",-3.425598386345398,1.3911153196512305,-2.4624834030324942,0.0137978558702748,0.04118534542223662
"103822775","LOC103822775",5.933010343887195,2.145003444155676,2.7659677470693143,0.005675414771472207,0.023367068088677882
"103822778","LOC103822778",1.5287653047485925,0.6339459780805603,2.4115072223935154,0.01588673719709218,0.04652275015447137
"103822782","LOC103822782",-4.886088366255666,1.9816272966532202,-2.465694923817311,0.013674774831171377,0.04091466710467296
"103822788","LOC103822788",9.202685070892974,3.6708830280982694,2.5069404283526024,0.01217812342228722,0.03721328856983422
"103822797","LOC103822797",-3.3477171352151527,1.1820561311998918,-2.8321135070099612,0.004624143054846194,0.023293306884048678
"103822802","LOC103822802",-7.190428182223289,2.7986049738303134,-2.5692901461481013,0.010190709339523608,0.032338044887785654
"103822821","LOC103822821",4.938009864450186,1.5983977977619979,3.0893497672257544,0.002005951287092986,0.023293306884048678
"103822887","LOC103822887",-4.69132134688414,1.6934213638860105,-2.7703213428928537,0.005600101286139315,0.02330519389214649
"103822938","LOC103822938",2.7717126811858663,1.1623045518960358,2.384669901416498,0.01709445241810666,0.049508622271863284
"103822975","LOC103822975",-3.065940391094709,0.9783336511540844,-3.1338392454128443,0.0017253534954745256,0.023293306884048678
"103822999","LOC103822999",3.251977035606511,1.336924343878934,2.432431611029888,0.014997823490551222,0.044276077727815034
"103823007","LOC103823007",-2.2954485814149903,0.7815784579103127,-2.9369394181516664,0.0033146885020390593,0.023293306884048678
"103823008","LOC103823008",-2.4956001817076268,0.7103264231924586,-3.513314583584706,4.4255317017538565e-4,0.023293306884048678
"103823028","LOC103823028",50.497656683005694,18.370118001191727,2.74890213986267,0.005979523557215752,0.023522111429597186
"103823066","LOC103823066",-3.4899388529791078,1.2867554971539283,-2.7122004613139206,0.00668381588182024,0.0245931077145952
"103823074","LOC103823074",2.322653605022924,0.8047466978527762,2.8861921536555846,0.003899340076864081,0.023293306884048678
"103823075","LOC103823075",-6.105907002353686,2.0713985739522984,-2.947721930069407,0.003201248772698611,0.023293306884048678
"103823079","LOC103823079",-4.055461504362408,1.6183087215657466,-2.505987547566738,0.01221099202206665,0.037285939928627956
"103823130","LOC103823130",-5.715300216435089,1.8713350092425,-3.0541299063007386,0.0022571431884801,0.023293306884048678
"103823133","LOC103823133",-2.39005892199282,0.9185042667910117,-2.6021206524635914,0.009264925105294254,0.030098402187318844
"103823138","LOC103823138",-5.558627360340741,1.6694837377619194,-3.329548671011638,8.698685962880063e-4,0.023293306884048678
"103823140","LOC103823140",-5.053918538006344,1.6638229438883265,-3.0375338653495305,0.00238522601595281,0.023293306884048678
"103823161","LOC103823161",-2.5593657852139007,1.0373193744895248,-2.4672881353183924,0.01361407590407269,0.04078508834254769
"103823167","LOC103823167",2.576164170656515,1.0223289910007838,2.519897404195339,0.011738904437694483,0.036126646199949444
"103823174","LOC103823174",2.6872664702873674,0.9913631288406676,2.710678249079068,0.0067145747252947054,0.024635863954668272
"103823179","LOC103823179",-10.361743850705496,3.535362884888956,-2.9308855096584954,0.0033799732517127193,0.023293306884048678
"103823195","LOC103823195",-2.747331213270049,0.8885444075650896,-3.091945872236887,0.0019884910417101126,0.023293306884048678
"103823235","LOC103823235",-3.3766209781863035,1.3057555624400012,-2.585951823844103,0.009711050272962714,0.031165343041976126
"103823260","LOC103823260",2.3485342053396616,0.9130130174557064,2.572289945968484,0.010102824188607622,0.03213369460512861
"103823298","LOC103823298",1.446411271361178,0.5404349871147089,2.6763834796916526,0.0074421438493744345,0.02606179086501282
"103823307","LOC103823307",1.2642253492634508,0.5226876201983716,2.418701534931417,0.015576014595717681,0.04573217054777737
"103823342","LOC103823342",-3.874850741414082,1.4193740444256686,-2.7299715368417847,0.006333979398587464,0.023924562289046325
"103823391","LOC103823391",6.179478896270319,1.8132282721920325,3.407998314961125,6.544129881167454e-4,0.023293306884048678
"103823426","LOC103823426",-0.648160638735374,0.16867800804122043,-3.842591255743195,1.2174212570037895e-4,0.023293306884048678
"103823495","LOC103823495",4.041599630458988,1.550010469863347,2.607466019771664,0.009121512344209326,0.029759115293101056
"103823504","LOC103823504",1.9067888524787686,0.7851946497894171,2.428428228580205,0.015164426204842353,0.04469156898032437
"103823535","LOC103823535",-4.609830622091157,1.265335141630039,-3.6431696792619293,2.6930118374296377e-4,0.023293306884048678
"103823572","LOC103823572",4.640347172383565,1.2411087571696269,3.7388723152400996,1.8484757791806066e-4,0.023293306884048678
"103823620","LOC103823620",-4.626295381392661,1.5438532419276272,-2.9965901264140578,0.0027301752088640845,0.023293306884048678
"103823656","LOC103823656",3.7937277598982293,1.427469088764457,2.6576601831580695,0.007868518764606033,0.026970972451933865
"103823677","LOC103823677",-1.004931917197388,0.38692808604047524,-2.597205923925268,0.009398556020619548,0.03041515753804674
"103823683","LOC103823683",-7.025859315575729,2.1589483973051093,-3.254297010686176,0.0011367336517785168,0.023293306884048678
"103823704","LOC103823704",4.603209807537727,1.8687583507503347,2.4632450769728833,0.013768576675090953,0.04112305803114542
"103823707","LOC103823707",-2.808451205229738,0.9165744660830383,-3.064073143158346,0.0021834551935367174,0.023293306884048678
"103823712","LOC103823712",-2.7880867680794936,1.0861001239608752,-2.567062379029734,0.010256415994726141,0.03247436478021583
"103823724","LOC103823724",5.769682531069382,1.6456381516152256,3.5060456792438406,4.548171574135717e-4,0.023293306884048678
"103823751","LOC103823751",32.46116137570558,13.551363777341793,2.3954165727571586,0.01660149178033319,0.048298190777552714
"103823764","LOC103823764",-4.747246203101538,1.803650367932571,-2.6320213093977047,0.00848785390008195,0.028281935757589888
"103823767","LOC103823767",5.4128494637915425,1.6993171906846347,3.1853084835861454,0.0014459977843473005,0.023293306884048678
"103823784","LOC103823784",-1.8242507581244638,0.7345088842489044,-2.4836333463684515,0.013004963379029977,0.0392720470511423
"103823791","LOC103823791",-0.7244930977396791,0.22882555606494176,-3.166137166663607,0.0015447793073168061,0.023293306884048678
"103823814","LOC103823814",-2.925933327802623,1.143762208187897,-2.558165768073665,0.010522591864101049,0.03317365964534214
"103823955","LOC103823955",2.8052629186486797,1.0297633641437187,2.724182094962512,0.00644609548597725,0.024139039597009245
"103823958","LOC103823958",1.772808739077993,0.669295628363396,2.6487678448057057,0.008078580521848018,0.027421907666117837
"103823963","LOC103823963",-2.8375847891068338,0.9476195885766321,-2.994434500208059,0.0027495408365257458,0.023293306884048678
"103824036","LOC103824036",2.203831344420938,0.8371364134288581,2.6325833031132686,0.00847382398730524,0.02825185288394575
"103824047","LOC103824047",6.804301291813951,2.510077648140282,2.710793148911255,0.00671224855012592,0.024630081458966748
"103824051","LOC103824051",-3.8224896477715595,1.3143650238384392,-2.9082405408266685,0.00363468646184178,0.023293306884048678
"103824076","LOC103824076",1.8450412688947353,0.6129642159991552,3.01003096222713,0.002612210594391938,0.023293306884048678
"103824084","LOC103824084",2.3875390819970206,0.8344546069630817,2.861197076598621,0.004220446103381237,0.023293306884048678
"103824095","LOC103824095",-2.9296073660948956,1.0559062593083477,-2.774495690568102,0.0055287366546231615,0.023293306884048678
"103824103","LOC103824103",-3.532585805452449,1.440734046772498,-2.451934701873724,0.014209044416692648,0.04221315276671068
"103824119","LOC103824119",-3.9366895137296503,1.4824500639056164,-2.655529254967396,0.007918406489421981,0.02708542125988971
"103824148","LOC103824148",2.829102875258697,1.0607366046453686,2.667111574041077,0.007650626832029594,0.026474939539929597
"103824150","LOC103824150",6.608593102056678,1.9518139987630698,3.385872376284198,7.09523729287273e-4,0.023293306884048678
"103824171","LOC103824171",5.689683286465912,2.187216163839096,2.6013356066641053,0.009286155974660919,0.030155439152607714
"103824172","LOC103824172",-2.9776532443555874,0.9611741480759657,-3.097933137627679,0.0019487539024191922,0.023293306884048678
"103824200","LOC103824200",-6.310290388798552,1.7374481369586994,-3.6319302168318783,2.8130920077022096e-4,0.023293306884048678
"103824203","LOC103824203",-5.903909581646656,2.2870357258450946,-2.581468017717594,0.009838110661133173,0.03150229427029906
"103824204","LOC103824204",7.522607556265477,2.8501726460909436,2.6393515377332846,0.00830647967388601,0.02790698389566901
"103824247","LOC103824247",-3.422879585170099,1.0113006443954946,-3.384631073004138,7.127398048221441e-4,0.023293306884048678
"103824298","LOC103824298",-2.8668136984330927,1.0673612842720266,-2.6858887807499485,0.0072337163203657975,0.025646457365607448
"103824300","LOC103824300",-1.0380153691658203,0.3846869879643205,-2.6983376138058914,0.006968672698932948,0.025121804940356218
"103824315","LOC103824315",3.0673039061295184,1.1818399199423868,2.5953632589082334,0.009449099341170556,0.03053658737873957
"103824318","LOC103824318",1.3133836692857184,0.5217632497564154,2.5172023324733392,0.011829087681323501,0.03633947089526346
"103824330","LOC103824330",1.4413683217443813,0.5030115001867408,2.865477869212294,0.004163803757632885,0.023293306884048678
"103824346","LOC103824346",3.5228299612156544,1.1883372586382617,2.964503498991972,0.003031717953336464,0.023293306884048678
"103824401","LOC103824401",1.3215386212471065,0.5235002546701049,2.5244278478525346,0.011588679128630791,0.035781708718211715
"103824460","LOC103824460",-2.2985454780359196,0.9295370032473862,-2.4727853436773692,0.013406464103122077,0.04025862834844615
"103824478","LOC103824478",-5.428309506898329,1.9166036465554368,-2.8322546065558254,0.00462210286874913,0.023293306884048678
"103824483","LOC103824483",21.043461018362624,8.765688512194458,2.4006626506392332,0.01636541593979244,0.0477001391005011
"103824493","LOC103824493",-3.2682585490439977,1.3596408694658486,-2.4037660403132577,0.016227154841065607,0.04736863460628984
"103824497","LOC103824497",-5.32729428694998,1.5747455979098413,-3.3829555034291854,7.171024989786308e-4,0.023293306884048678
"103824504","LOC103824504",-2.4221552140246776,0.9384108611450013,-2.581124445926901,0.009847907498779736,0.031527515095059855
"103824508","LOC103824508",46.0306910052581,15.59423588087616,2.951775986773894,0.003159520546945025,0.023293306884048678
"103824514","LOC103824514",-2.132714650736953,0.7348538958160288,-2.902229494706088,0.0037051699640008057,0.023293306884048678
"103824517","LOC103824517",-3.3342033534974735,1.3428099937197833,-2.4830045718242197,0.013027941556580267,0.03932696819607948
"103824605","LOC103824605",4.0751802066639415,1.6162497046338142,2.5213803256887433,0.011689543054725695,0.03600510850458381
"103824616","LOC103824616",-2.5124463492140383,0.7251110909553714,-3.4649123155787898,5.304043852612419e-4,0.023293306884048678
"103824638","LOC103824638",-5.612878522792777,1.7441395569552884,-3.2181361293078368,0.001290265654617783,0.023293306884048678
"103824646","LOC103824646",-1.8658760086463586,0.7096201039559228,-2.6294012785780025,0.008553536282957833,0.028426154843703
"103824659","LOC103824659",-4.202107005447747,1.2894804488093303,-3.258759765863727,0.001119003801895504,0.023293306884048678
"103824665","LOC103824665",-1.7377498656111245,0.7054784599883441,-2.4632217199655333,0.013769473716099552,0.04112305803114542
"103824735","LOC103824735",17.32007944883801,5.61329250374024,3.0855472857146355,0.002031779146923168,0.023293306884048678
"103824736","LOC103824736",2.7499131840977142,0.9224748028498199,2.981017124372777,0.0028729272728143357,0.023293306884048678
"103824741","LOC103824741",4.32297586279168,1.6481641556374864,2.6229037004627824,0.008718391128028708,0.028772706231550364
"103824771","LOC103824771",-2.3272606419058506,0.784916111091904,-2.964980090252418,0.003027025192874776,0.023293306884048678
"103824821","LOC103824821",31.249386351479977,8.799652051532524,3.551207044150986,3.8346862798794234e-4,0.023293306884048678
"103824822","LOC103824822",4.309568280202122,1.4780313625524322,2.9157488733932344,0.0035483598149103524,0.023293306884048678
"103824835","LOC103824835",1.6367504434249809,0.6167300218248528,2.653917249855897,0.007956333579049527,0.02716421511225041
"103824839","LOC103824839",3.0328468783259943,1.0069127039943002,3.0120256366764067,0.002595106798733191,0.023293306884048678
"103824918","LOC103824918",-4.713272801961081,1.7590325097080668,-2.6794688420757535,0.0073739065566521995,0.02592222162721637
"103824953","LOC103824953",2.611218704045062,0.8937627066385431,2.9216017681761417,0.0034823648653348827,0.023293306884048678
"103825066","LOC103825066",-3.2232469974895133,1.257389880825638,-2.5634427687401438,0.010363978589390276,0.03274546506967285
"103825074","LOC103825074",3.3781518047983927,1.2758531462662774,2.6477591207768625,0.008102723670461187,0.027466944971703763
"103825159","LOC103825159",-5.184633964422527,1.8263017241723465,-2.8388704318680578,0.004527353619604272,0.023293306884048678
"103825360","LOC103825360",-2.268711069122244,0.8543568884603132,-2.655460615774775,0.007920018118738726,0.027087657031508863
"103825740","LOC103825740",-3.6417240765846852,1.4486349234770268,-2.5139005125209777,0.011940411215508815,0.036619789076220474
"103825927","LOC103825927",-3.684574510366705,1.4814329264513448,-2.4871693105895867,0.012876410186552436,0.03896268104923627
"103825990","LOC103825990",-4.396244505692989,1.254309861177623,-3.504911060465972,4.5675984418189956e-4,0.023293306884048678
"103825993","LOC103825993",-3.1891921093038564,1.1602740127301976,-2.7486542612460028,0.005984046926095672,0.023522111429597186
"103826002","LOC103826002",-2.6924581939843537,0.7684070540962289,-3.503947783445482,4.5841523534175037e-4,0.023293306884048678
"103826003","LOC103826003",-1.6394120771663807,0.5494278780118448,-2.983853100244465,0.002846433940958653,0.023293306884048678
"103826005","LOC103826005",-3.5577124364925328,1.432870044185841,-2.4829274999004047,0.013030760571606353,0.03932824640207032
"103826036","LOC103826036",0.7628060295250252,0.3089025129757455,2.4694070053904658,0.013533719002954669,0.04055915751579168
"103826051","LOC103826051",-2.642866564364343,0.9733959875662516,-2.7150990944314564,0.006625594196643943,0.024481742049584428
"103826057","LOC103826057",-2.6992270021035925,0.8634362550541108,-3.1261450817054635,0.0017711415040133657,0.023293306884048678
"103826060","LOC103826060",2.0981465038690206,0.7666871689675725,2.736639647555864,0.006207024390952484,0.023810716089769833
"103826102","LOC103826102",37.2998304536386,14.466578015272532,2.5783450940686,0.009927479935518464,0.031704977745629144
"103826180","LOC103826180",5.7513047887381274,2.087798547880959,2.7547220945121818,0.005874200674255184,0.023441942742979314
"103826181","LOC103826181",1.5933429322244945,0.6299268991225379,2.5294092607316108,0.011425471307358727,0.03537758627931124
"103826195","LOC103826195",-6.243320948670585,1.619396995212648,-3.855336873618662,1.1557037363888465e-4,0.023293306884048678
"103826243","LOC103826243",-3.543082421305222,1.3978045604497968,-2.5347480767734085,0.01125282188569922,0.0349649998859703
"103826264","LOC103826264",-2.6326489219216374,1.0241121819478554,-2.570664589610051,0.0101503581277417,0.032231804522850196
"103826311","LOC103826311",-1.2239181800151442,0.3826873825953427,-3.198219318637236,0.0013827907106865225,0.023293306884048678
"103826312","LOC103826312",-5.980995064086868,2.0190114696291293,-2.962338329452637,0.0030531209802483372,0.023293306884048678
"103826316","LOC103826316",-6.75221007816586,2.56876125536312,-2.628586079795636,0.00857406525003036,0.02846750677261189
"103826320","LOC103826320",-21.275425852243718,8.455524370749615,-2.5161568838760937,0.011864235835956131,0.03641337814897959
"103826329","LOC103826329",-4.428313522624876,1.6437032922887458,-2.694107594357099,0.0070577377511118755,0.025331724735702197
"103826336","LOC103826336",-4.8854576216627645,1.7369884488107004,-2.8126022513320637,0.0049142396418593816,0.023293306884048678
"103826344","LOC103826344",-6.9189876772517716,2.170872087296553,-3.1871927036789067,0.0014366102483762413,0.023293306884048678
"103826349","LOC103826349",-3.839202775344916,1.5419163441255024,-2.489890447021832,0.012778247649260117,0.03870845865078021
"103826382","LOC103826382",-5.921402719636718,1.5263918720101701,-3.8793463383938045,1.0473753993990652e-4,0.023293306884048678
"103826411","LOC103826411",52.88857593784231,20.823668966282685,2.5398298457144395,0.011090641118700832,0.03455918292601529
"103826417","LOC103826417",3.304171711437262,1.0309572096255273,3.2049552402251793,0.0013508348532256106,0.023293306884048678
"103826451","LOC103826451",-4.857699031695289,1.3433637102247598,-3.616071354854853,2.991079588201734e-4,0.023293306884048678
"103826465","LOC103826465",-4.202497532097121,1.7175597537572296,-2.4467838879573143,0.01441372358474434,0.042751598932384435
"103826468","LOC103826468",-5.553345748039528,1.8377374825818118,-3.021838429413602,0.0025124461298175922,0.023293306884048678
"103826471","LOC103826471",-5.170715259828798,1.3040687815211658,-3.9650632950489615,7.337647401069151e-5,0.023293306884048678
"103826472","LOC103826472",-2.735870255664157,0.9702759560537609,-2.8196826259524137,0.004807116813511038,0.023293306884048678
"103826482","LOC103826482",-3.5941042298294765,1.3016794816261654,-2.761128434888921,0.005760201919614886,0.023394663373020392
"103826485","LOC103826485",-3.726598147503092,1.3393652518380401,-2.782361377816096,0.0053964913452649085,0.023293306884048678
"103826490","LOC103826490",-7.771084889316306,2.1085530797167067,-3.685505934885161,2.2824876289040164e-4,0.023293306884048678
"103826500","LOC103826500",3.2901112808058386,0.9478745211632243,3.4710409525178916,5.184449254358279e-4,0.023293306884048678
"103826508","LOC103826508",2.6644525054936303,0.9053935086953107,2.9428668086356806,0.0032518829159589565,0.023293306884048678
"103826509","LOC103826509",12.24720259567742,4.95038509230968,2.473989874990371,0.013361348342626315,0.040148852519611276
"103826516","LOC103826516",-6.506639940297568,1.7466510882532926,-3.7252087632478545,1.9515364795069358e-4,0.023293306884048678
"103826521","LOC103826521",-2.817467614364602,0.714932197136354,-3.940887857128144,8.118057425929027e-5,0.023293306884048678
"103826532","LOC103826532",-1.895381855453654,0.6535862811632679,-2.8999719089577733,0.003731961040069352,0.023293306884048678
"103826533","LOC103826533",-3.4549980370897266,1.4084148216569328,-2.4531111033218798,0.014162658769653287,0.042109638507905105
"103826536","LOC103826536",-5.519083366855731,1.340593552575346,-4.1168953529974095,3.840103266748587e-5,0.023293306884048678
"103826544","LOC103826544",17.337877906299074,6.662627937514429,2.602258158327714,0.009261210841952819,0.030089312961080434
"103826560","LOC103826560",-6.615894384994367,1.822579399534089,-3.629962231925592,2.834626929182035e-4,0.023293306884048678
"103826570","LOC103826570",-3.2663067002429127,1.2389078657861798,-2.636440360454243,0.008378092634654813,0.02807002995574042
"103826612","LOC103826612",-7.280872467849077,2.8177774475447412,-2.5839061470923603,0.009768837320054248,0.03132630184262732
"103826672","LOC103826672",1.3489578846771944,0.4414804163234408,3.055532781977152,0.0022466104166468798,0.023293306884048678
"103826684","LOC103826684",-2.8750654781380143,1.0038860706472965,-2.8639360204332736,0.004184125145126984,0.023293306884048678
"103826690","LOC103826690",2.999391455375765,1.0985541056639188,2.7303083570590836,0.006327511017097742,0.02392417051305703
"103826692","LOC103826692",2.7563555032818727,1.0512427919543605,2.6219970537515365,0.008741618669783643,0.028823288552287222
"103826695","LOC103826695",5.151081905496798,2.1338091804997763,2.4140311854363294,0.01577711192938755,0.04624403616224877
"103826724","LOC103826724",-4.54854082644261,1.5572250921537825,-2.920927006224623,0.003489915834675998,0.023293306884048678
"103826725","LOC103826725",11.394668436455873,4.59656254564898,2.478954288839571,0.013176819192734905,0.03970701921569914
"103826743","LOC103826743",3.0668737643354533,1.228678719962823,2.4960746161765135,0.012557618342235526,0.038173950620216765
"103826756","LOC103826756",-5.999102200557419,2.1154203291329137,-2.8358913441171203,0.004569799018227008,0.023293306884048678
"103826794","LOC103826794",1.3049301838087957,0.522621840551749,2.4968917916463997,0.01252871814428892,0.03810373578636369
"103826804","LOC103826804",-3.591108005783707,1.1350343172845654,-3.1638761499079657,0.0015568302980801503,0.023293306884048678
"103826812","LOC103826812",2.4598336819542164,0.9189104988646998,2.676902358818736,0.007430628613488565,0.026046467374323003
"103826831","LOC103826831",-1.9024594862142574,0.698796873977775,-2.7224785299694463,0.00647942435026275,0.024202172569057843
"103826832","LOC103826832",-3.4524259492058698,1.2502611316037326,-2.761363895858604,0.005756050237273129,0.023394663373020392
"103826834","LOC103826834",-0.886784521839114,0.28280830268216184,-3.135638216519193,0.0017148060198421038,0.023293306884048678
"103826835","LOC103826835",-1.969470375986736,0.6039904806480408,-3.2607639343481503,0.0011111250371655661,0.023293306884048678
"103826839","LOC103826839",-3.2424756378036648,1.3027488420725994,-2.4889491612558796,0.012812128505268361,0.038803932048886755
"103826848","LOC103826848",4.343195796945205,1.4512152766615398,2.9927991158806884,0.002764316357987708,0.023293306884048678
"103826873","LOC103826873",-3.227573021355666,1.2033462039892444,-2.682164958559602,0.007314738100066306,0.025810729272183836
"103826874","LOC103826874",-6.342280176550963,1.7845226766773197,-3.5540485192151943,3.7934922163278175e-4,0.023293306884048678
"103826877","LOC103826877",-4.630082266906245,1.4654962123437016,-3.159395587588428,0.0015809673799374192,0.023293306884048678
"103826891","LOC103826891",-1.6444117435597296,0.5847392523847691,-2.8122137121003066,0.004920180083675108,0.023293306884048678
"103826909","LOC103826909",-3.8574101692532494,1.6019282503146257,-2.4079793639294627,0.016041087709237865,0.046900540858870535
"103826942","LOC103826942",3.8536509686450757,1.4190357124383561,2.7156828646851134,0.006613923954958362,0.02446334215344338
"103826991","LOC103826991",-5.765412691269059,1.597005232289246,-3.6101401389928824,3.060316169009687e-4,0.023293306884048678
"103827013","LOC103827013",-7.1267579455536465,2.9353436039743546,-2.427912676357296,0.015185999181097946,0.04474711452141883
"103827014","LOC103827014",5.7234615548709895,1.9129819993615775,2.9919055991018677,0.002772419790261601,0.023293306884048678
"103827041","LOC103827041",-2.4188529555978073,0.9448841820695416,-2.5599465008503914,0.01046882779079346,0.033032410404194135
"103827120","LOC103827120",5.2834653375467155,1.6062628055411101,3.289290718380824,0.0010044022061328202,0.023293306884048678
"103827121","LOC103827121",-2.908263964695238,1.0603132263237354,-2.7428347515560327,0.006091132976323281,0.023651402571499364
"103827125","LOC103827125",6.68813485142799,2.3583384494725323,2.8359520886087672,0.004568929956337129,0.023293306884048678
"103827160","LOC103827160",25.285275858959572,9.089875704365964,2.7816965469412067,0.0054075575836078724,0.023293306884048678
"103827217","LOC103827217",9.538850634525549,3.8400099255821143,2.4840692652843956,0.012989054040161735,0.039234829839436096
"103827218","LOC103827218",5.386095855965561,2.2248747313157575,2.4208535339786543,0.015484114653126683,0.04551933212648953
"103827241","LOC103827241",-4.542379849436054,1.6809869743347974,-2.7022100223195196,0.006888023797788862,0.024953058451895747
"103827292","LOC103827292",53.92553290166152,20.04460363144861,2.690276839251441,0.007139276652152644,0.025465617555326444
"103827316","LOC103827316",2.4610737765654904,0.9619690895896631,2.558370953078424,0.010516384401651814,0.03315998899873578
"103827337","LOC103827337",-2.9598907683756637,1.2291552391494318,-2.408069114543978,0.01603714466468168,0.04689318798825882
"103827343","LOC103827343",2.2996845156637447,0.8824196448549774,2.606112102186585,0.009157648433512468,0.029850315562985046
"103827353","LOC103827353",-43.477312020369695,16.85045059197356,-2.580186908537592,0.009874685310705848,0.03158552532798011
"103827394","LOC103827394",-4.484423784908316,1.3032331851321766,-3.440998768346661,5.795711710627208e-4,0.023293306884048678
"103827408","LOC103827408",2.7069111621709183,0.6847591668795393,3.953084957601027,7.715002886383712e-5,0.023293306884048678
"103827410","LOC103827410",-3.6805923632539193,1.3728145842335027,-2.6810556979251072,0.007339029951588655,0.02586075318755955
"103827415","LOC103827415",-1.7488425759310757,0.7176661745973527,-2.436846876491379,0.014815951741236996,0.04378246417710157
"103827429","LOC103827429",-2.392720403143177,0.9300868967022999,-2.572577263078068,0.010094442177630792,0.0321132559306588
"108961208","LOC108961208",-1.1676479283889674,0.36256533201792,-3.2205173117082677,0.001279594641156265,0.023293306884048678
"108961272","LOC108961272",-6.120566215800646,2.469869088609793,-2.4780933710319477,0.013208657419161681,0.039773758042989237
"108961295","LOC108961295",-65.59648728485314,23.920921224064433,-2.7422224533252137,0.0061024997743334706,0.023655010705391572
"108961394","LOC108961394",-5.284533295253839,1.919071626111129,-2.753692578928174,0.005892709053749603,0.023441942742979314
"108961409","LOC108961409",6.768976165038005,2.6064357259310733,2.597024011639491,0.009403535026267234,0.03042827131688759
"108961539","LOC108961539",-4.715474917695267,1.8137415139720174,-2.5998604990677947,0.009326166408510658,0.03024647845288808
"108961548","LOC108961548",6.317055916734478,2.140223376190836,2.9515871973969174,0.0031614526875970504,0.023293306884048678
"108961868","LOC108961868",-0.8839659007211391,0.3588059484937817,-2.463632234727175,0.01375371514624595,0.041087251757024504
"108961873","LOC108961873",47.99153049135764,15.72671334030398,3.0515931366515274,0.0022763041681552886,0.023293306884048678
"108961920","LOC108961920",-5.233032504520121,1.944661905363223,-2.690972909012016,0.007124397998385232,0.025454435564185775
"108962056","LOC108962056",3.5376079220060586,1.3926952867275364,2.540116244895534,0.011081563029715209,0.03453750701767029
"108962388","LOC108962388",-7.74219478262357,2.808168820662167,-2.757026118108511,0.005832969223855211,0.023418893555400094
"108962557","LOC108962557",10.164227041542357,3.848941718725905,2.6407848661597737,0.008271422379955632,0.02782051653590076
"108962667","LOC108962667",6.848752684858682,2.8355013721209827,2.415358621299396,0.015719723787094207,0.046100519009061376
"108962801","LOC108962801",4.538422132535662,1.4657631087207224,3.0962862317476882,0.00195961099978344,0.023293306884048678
"108963055","LOC108963055",2.9156499503528646,1.1110586096494854,2.6242089526426406,0.008685048499709152,0.028708837454892812
"108963113","LOC108963113",-1.708999939926079,0.6306314254987606,-2.7099822032726113,0.006728681840294701,0.02466832732740467
"108963114","LOC108963114",2.567510991141454,0.8753042553878237,2.9332783147545185,0.003354030819776735,0.023293306884048678
"108963148","LOC108963148",-2.674989782400581,1.0238230755738238,-2.612746133799851,0.008981799178258029,0.029396769758664686
"108963182","LOC108963182",2.7131142783315427,0.9592249997067193,2.8284440868003555,0.004677487107511497,0.023293306884048678
"108963197","LOC108963197",-5.001892423551819,1.891218961746843,-2.644798156492558,0.008173965902525282,0.027611522267851348
"108963334","LOC108963334",5.127571640444102,2.1494588781700092,2.3855174400031216,0.01705511369923798,0.04942520769645012
"108963607","LOC108963607",-5.294556175890108,1.6903284865485728,-3.1322646562626955,0.0017346343345001531,0.023293306884048678
"108963812","LOC108963812",3.372931569058869,1.2857864240937942,2.623244036377245,0.008709686250276426,0.028752648134081658
"108963831","LOC108963831",22.569806876629418,9.12652844942345,2.4729892643960607,0.013398816791750055,0.04023934423674392
"108963945","LOC108963945",1.4524954627715772,0.5781019564839968,2.5125247311142522,0.011987070287137124,0.03674915647132216
"108964156","LOC108964156",-2.0832593678632216,0.6359231883040064,-3.27596069176095,0.0010530321598250921,0.023293306884048678
"108964603","LOC108964603",-2.2566717882142298,0.7651870805434421,-2.9491765420444933,0.003186219086321817,0.023293306884048678
"108964758","LOC108964758",22.869711230490562,7.230368168056575,3.1630078439888947,0.001561481242919352,0.023293306884048678
"115483836","LOC115483836",2.6137781300424296,0.8697512734751577,3.0052018430497713,0.002654046611324483,0.023293306884048678
"115483994","LOC115483994",4.634487982729017,1.4916894296882328,3.1068719067732737,0.0018907830792178006,0.023293306884048678
"115484067","LOC115484067",15.208815246417513,6.374432553340607,2.3859088819517167,0.01703697165266974,0.049385709123665425
"115484330","LOC115484330",8.170339605037105,3.197388415213204,2.5553165721632545,0.010609126081403296,0.033381892262270806
"115484393","LOC115484393",-7.251486265775361,2.675975019816066,-2.7098482654273037,0.006731399481268012,0.024670026852098886
"115484495","LOC115484495",1.958890858322256,0.7803884534739934,2.510148439026765,0.012068042073668149,0.036924992400225516
"115484503","LOC115484503",1.4882374988343245,0.5552846850639022,2.6801342426057695,0.007359264034551324,0.02588969051642228
"115484538","LOC115484538",12.046732897304485,4.621252152310534,2.606811422588434,0.009138967632456262,0.029798298236749645
"115484542","LOC115484542",1.893583736421059,0.7479589144568405,2.531668116819169,0.01135213831729996,0.03521361450261945
"115484577","LOC115484577",-4.684388045287851,1.6960251537473445,-2.7619802895834176,0.0057451946673913994,0.023394663373020392
"115484579","LOC115484579",0.7025398878209008,0.2913511598657479,2.4113165986523795,0.015895043847907672,0.04653984926896741
"115484755","LOC115484755",37.316843955718795,14.071562609696015,2.651933192551452,0.008003237566578496,0.0272478538221732
"115484850","LOC115484850",147.09883980813424,44.69397320816405,3.2912455360147828,9.974481144087112e-4,0.023293306884048678
"115484939","LOC115484939",4.424713734758298,1.5502446095934812,2.8542035930178695,0.004314487185179075,0.023293306884048678
"115485127","LOC115485127",-11.406770074021255,4.512354661420716,-2.527897501396717,0.011474784644477468,0.0354968041282055
"115485216","LOC115485216",2.212261700659209,0.8426762590913784,2.6252806778306486,0.008657756565428413,0.028653238491006604
"115485447","LOC115485447",-8.52870865222404,2.4758227661506007,-3.444797733031772,5.714868634649717e-4,0.023293306884048678
"127059047","LOC127059047",-3.559388337623743,1.4472498147515012,-2.4594153002084886,0.01391635308451997,0.04147762104933048
"127059128","LOC127059128",1.1678829927217405,0.4452282473302183,2.6231107296647806,0.008713094951828627,0.028761009314199372
"127059233","LOC127059233",-6.578889371396545,2.2324196806524914,-2.946976963343052,0.0032089710862300363,0.023293306884048678
"127059259","LOC127059259",15.873563154681765,6.608900569652231,2.4018462658634085,0.016312562318933212,0.047567199927162795
"127059291","LOC127059291",-1.8650841916309708,0.6750174147735775,-2.763016406408685,0.0057269887701690255,0.023383367211262385
"127059454","LOC127059454",8.29454682500584,2.6744187089012934,3.1014391267152823,0.001925824639533035,0.023293306884048678
"127059499","LOC127059499",-2.047226322957365,0.8189407047281735,-2.4998468279054338,0.012424701372772988,0.0378575208680056
"127059643","LOC127059643",3.4277910157892775,1.204697072595239,2.8453551467547777,0.004436193125416879,0.023293306884048678
"127059668","LOC127059668",1.5088904952435263,0.5263714892987619,2.866588570846965,0.004149220370591835,0.023293306884048678
"127059700","LOC127059700",-8.628224476877186,3.5453215871060273,-2.4336930416290463,0.01494566356013016,0.0441300285371685
"127059832","LOC127059832",-2.495645198734587,0.8695843315823732,-2.869928893720162,0.004105641139775035,0.023293306884048678
"127059847","LOC127059847",-6.966065814892852,2.8945334251741337,-2.4066282165920323,0.01610055120649837,0.0470492611529163
"127059856","LOC127059856",6.294379375538834,1.9614045888743088,3.209118307993411,0.0013314269485050607,0.023293306884048678
"127059910","LOC127059910",6.891627116694475,2.537182358728268,2.716252181474579,0.0066025604606086575,0.02444353587829303
"127060016","LOC127060016",-3.710069031216722,1.4975167195148344,-2.477480874082468,0.013231350003212197,0.03983478323908576
"127060024","LOC127060024",67.53168297988717,22.181479131559847,3.044507653405447,0.0023306150028637026,0.023293306884048678
"127060138","LOC127060138",-4.06985954495546,1.104116082014441,-3.686079399849037,2.2773532598594298e-4,0.023293306884048678
"127060193","LOC127060193",-2.723030598314474,1.1161570895807935,-2.4396481675685906,0.014701572401746249,0.04349535305811284
"127060226","LOC127060226",2.13235888416214,0.7934986941338384,2.687287200251495,0.007203498567676707,0.025583523198604328
"127060277","LOC127060277",3.029646941458559,1.1353794580070355,2.668400348528928,0.007621338325437389,0.026435561227277755
"127060349","LOC127060349",-1.545157611226401,0.6189834093633276,-2.49628275629506,0.012550251669528969,0.038155838347566126
"127060424","LOC127060424",1.7934108551945551,0.7147117096882705,2.5092786796186273,0.012097799965559713,0.03699191321188188
"127060478","LOC127060478",2.123374210571702,0.7685078077615336,2.7629832633145877,0.0057275703302312065,0.023383367211262385
"127060480","LOC127060480",4.603978002578104,1.5683510569937409,2.935553224546,0.003329534864518597,0.023293306884048678
"127060510","LOC127060510",-4.5572867635888326,1.439313035725279,-3.166292981771256,0.0015439520009481189,0.023293306884048678
"127060585","LOC127060585",18.16324231597216,7.3544351284267675,2.4696991677534275,0.013522671856810976,0.04053694036495198
"127060614","LOC127060614",18.28945692509548,6.5185370014976485,2.805761004485122,0.005019790896271739,0.023293306884048678
"127060712","LOC127060712",1.776495521152341,0.6845387817265507,2.59517147687622,0.009454373724551574,0.030543877564656992
"127060751","LOC127060751",2.3690592569120086,0.9611453136208318,2.464829431449107,0.013707848867061943,0.04099121217678614
"127060782","LOC127060782",2.900230345681286,1.0727361607066772,2.7035821592615337,0.0068596487511776594,0.02492867983886444
"127060788","LOC127060788",3.7774010014645962,1.2754245061336327,2.9616813722009656,0.0030596422986175664,0.023293306884048678
"127060796","LOC127060796",3.2463649371054735,1.335852233661754,2.430182661900218,0.015091215035788903,0.04450776560541569
"127060866","LOC127060866",-2.5866719318636804,0.7102315606920978,-3.6420120915818663,2.7051536341980774e-4,0.023293306884048678
"127060867","LOC127060867",-1.7907684622275832,0.6095409162977877,-2.937897053907885,0.0033044673072476884,0.023293306884048678
"127060881","LOC127060881",-1.9361168787596863,0.7440004450250375,-2.6023060761671064,0.009259916813215424,0.030088085961911454
"127060968","LOC127060968",3.8889043781956807,1.5643037826898072,2.486028878296735,0.012917748265093437,0.03906256645202412
"127060971","LOC127060971",5.4605625992672016,2.1577570851801453,2.530666049840042,0.011384618352419265,0.035284364638789326
"127060974","LOC127060974",2.437043775498955,0.8576289558563468,2.8416062200996404,0.004488689622794194,0.023293306884048678
"127060986","LOC127060986",1.905557039064254,0.6055997195208767,3.146561957743054,0.0016520225609165807,0.023293306884048678
"127060994","LOC127060994",6.926984311332411,2.8777400545700997,2.4070917386480972,0.016080129973677863,0.04699795153602804
"127061054","LOC127061054",19.16340490963393,7.547779981443991,2.5389458829942884,0.01111870205247547,0.03463376314537006
"127061250","LOC127061250",2.6179692835834008,0.823300774526316,3.1798455249718947,0.001473535804410261,0.023293306884048678
"127061256","LOC127061256",-0.7906350952412543,0.32643850144022146,-2.422003200458994,0.015435214603633987,0.045394838330973
"127061330","LOC127061330",-1.368970967952231,0.5722788984835204,-2.3921395172526223,0.016750473660020766,0.048674214566389006
"127061331","LOC127061331",-2.792036095279117,0.9929891178907904,-2.8117489355872145,0.004927294661541933,0.023293306884048678
"103814440","MAP3K20",3.6191523699651382,1.1841712310288512,3.0562745278152774,0.00224105961747249,0.023293306884048678
"103821792","MARCHF6",-6.574084122356304,1.6914737913463544,-3.8866012325993897,1.0165754364698226e-4,0.023293306884048678
"103824299","NAA80",-1.2811405071829634,0.47206176034537056,-2.713925623303301,0.006649109272737193,0.024524156264899184
"103814148","OGA",-3.8749841064452344,1.224417520786792,-3.164757152409277,0.00155212438664984,0.023293306884048678
"103821809","PHB1",2.731700816598414,0.9004478417877917,3.033713547666199,0.0024156367871271617,0.023293306884048678
"103813252","RBIS",2.67852984357649,0.9795764900887675,2.7343753863812785,0.006249874711985118,0.023853006244233668
