"ID","Description","setSize","enrichmentScore","NES","pvalue","p.adjust","qvalue","rank","leading_edge","core_enrichment","ONTOLOGY","comparison"
"GO:0050896","response to stimulus",338,0.42822596238316635,1.8577933437916037,1.461293595731703e-8,5.567528599737788e-6,5.014544339037213e-6,1836,"tags=29%, list=17%, signal=25%","103826749/103826392/103826311/103824282/103820351/103822351/103823970/103821712/103821581/103816081/103813055/108961868/103823262/103815911/103821001/103820948/103818774/103816556/103813313/103823859/103812980/103818104/103819027/103814640/103826483/103821150/103821247/103819051/103826308/103821958/103814184/103812698/103812440/103826750/103812309/103813716/103818014/103827024/103824424/103820783/103816444/103817300/103816031/103813169/103815840/103813598/103812959/103815253/103815624/103812987/103822777/103820459/103819654/103817727/103816118/103826065/103823134/103817665/103814562/103816650/103812985/103818168/103812282/103820596/103821405/103814266/103813890/103823962/103817368/103815909/103822624/103820083/103819799/103812764/103815817/103812919/103815358/103814022/103817524/103826582/103819235/103818395/103827103/103813235/103815508/103816039/103822764/103825066/103823831/103818704/103812645/103826478/103826629/103819164/103822712/103823730/103822320/103826581","BP","infection_all"
"GO:0006955","immune response",32,0.7242624484999545,2.202177828132694,1.936014535972373e-6,2.1663900658877038e-4,1.9512174650625542e-4,940,"tags=44%, list=9%, signal=40%","103824282/103820351/103823970/103821712/103816081/103813055/103815911/103813313/103812980/103819051/103814184/103812309/103816444/103812959","BP","infection_all"
"GO:0002376","immune system process",37,0.7048392633157097,2.1974021775198613,1.523583521014579e-6,2.1663900658877038e-4,1.9512174650625542e-4,940,"tags=41%, list=9%, signal=37%","103824282/103820351/103823970/103821712/103816081/103813055/103815911/103813313/103812980/103821247/103819051/103814184/103812309/103816444/103812959","BP","infection_all"
"GO:0043043","peptide biosynthetic process",59,-0.594120014234478,-2.125489428057246,2.274425266023836e-6,2.1663900658877038e-4,1.9512174650625542e-4,2389,"tags=51%, list=22%, signal=40%","103820009/103820195/103813003/103820088/103815291/103822885/103826008/103817860/103812407/103827119/103813272/103819445/103817571/103812360/103824076/103812957/103824232/103812989/103814742/103821868/103814085/103824808/103813219/103814016/103815368/103816764/103820545/103824530/103816293/103820125","BP","infection_all"
"GO:0006412","translation",58,-0.5994955789197862,-2.132733026226605,3.609486202975048e-6,2.750428486666987e-4,2.4772473729891913e-4,1975,"tags=47%, list=18%, signal=38%","103820088/103815291/103822885/103826008/103817860/103812407/103827119/103813272/103819445/103817571/103812360/103824076/103812957/103824232/103812989/103814742/103821868/103814085/103824808/103813219/103814016/103815368/103816764/103820545/103824530/103816293/103820125","BP","infection_all"
"GO:0051716","cellular response to stimulus",281,0.390936126682094,1.6571201621100773,1.4885777581470278e-5,9.452468764233627e-4,8.513620160630369e-4,1836,"tags=28%, list=17%, signal=24%","103826749/103826392/103826311/103821581/103813055/108961868/103823262/103815911/103821001/103818774/103816556/103813313/103823859/103812980/103818104/103819027/103814640/103826483/103821150/103821247/103819051/103826308/103821958/103814184/103812698/103812440/103826750/103813716/103818014/103827024/103824424/103820783/103816444/103817300/103816031/103815840/103813598/103822777/103820459/103819654/103817727/103816118/103826065/103823134/103817665/103814562/103816650/103812282/103820596/103821405/103814266/103813890/103817368/103815909/103820083/103819799/103812764/103815817/103812919/103814022/103817524/103826582/103819235/103818395/103827103/103813235/103815508/103816039/103822764/103825066/103823831/103818704/103826478/103826629/103822712/103823730/103822320/103826581","BP","infection_all"
"GO:0006952","defense response",23,0.7394151087311122,2.083712596791326,2.1266214778257624e-5,0.0011574896900737365,0.0010425242131897724,1420,"tags=57%, list=13%, signal=49%","103824282/103820351/103822351/103813055/103815911/103820948/103812980/103819051/103816444/103812959/103815624/103812985/103823962","BP","infection_all"
"GO:0006518","peptide metabolic process",64,-0.5554127695494486,-2.0117844149666566,3.6744478820153075e-5,0.0015874145432524683,0.0014297475924859916,2389,"tags=48%, list=22%, signal=38%","103820009/103820195/103813003/103820088/103816976/103815291/103822885/103826008/103817860/103812407/103827119/103813272/103819445/103817571/103812360/103824076/103812957/103824232/103812989/103814742/103821868/103814085/103824808/103813219/103814016/103815368/103816764/103820545/103824530/103816293/103820125","BP","infection_all"
"GO:0007154","cell communication",233,0.3955988069950176,1.6333260956693216,3.7497981336672476e-5,0.0015874145432524683,0.0014297475924859916,1929,"tags=31%, list=18%, signal=26%","103826749/103826392/103826311/103813055/103823262/103815911/103821001/103818774/103816556/103813313/103823859/103818104/103819027/103814640/103821150/103821247/103819051/103826308/103821958/103814184/103812698/103812440/103826750/103813716/103818014/103824424/103820783/103816444/103817300/103816031/103815840/103813598/103822777/103820459/103817727/103816118/103826065/103823134/103817665/103814562/103816650/103812282/103821405/103814266/103813890/103817368/103815909/103819799/103812764/103812919/103814022/103817524/103826582/103819235/103818395/103813235/103815508/103816039/103822764/103825066/103823831/103818704/103826478/103826629/103822712/103823730/103822320/103826581/103818997/103813115/103813976/103814676","BP","infection_all"
"GO:0023052","signaling",231,0.4066734915324552,1.6801595218330456,4.855849046797184e-5,0.0018500784868297271,0.001666322936058823,1921,"tags=31%, list=18%, signal=26%","103826749/103826392/103826311/103813055/103823262/103815911/103821001/103818774/103816556/103813313/103823859/103818104/103819027/103814640/103821150/103821247/103819051/103826308/103821958/103814184/103812698/103812440/103826750/103813716/103818014/103826333/103824424/103820783/103816444/103817300/103816031/103815840/103813598/103822777/103820459/103817727/103816118/103826065/103823134/103817665/103814562/103816650/103812282/103821405/103814266/103813890/103817368/103815909/103819799/103812764/103812919/103814022/103817524/103826582/103819235/103818395/103813235/103815508/103816039/103822764/103825066/103823831/103818704/103826478/103826629/103822712/103823730/103822320/103826581/103818997/103813115/103813976","BP","infection_all"
"GO:0007165","signal transduction",227,0.40177936619505983,1.6570383574684902,6.257483076470765e-5,0.0021673645928503285,0.0019520951989755691,1921,"tags=31%, list=18%, signal=26%","103826749/103826392/103826311/103813055/103823262/103815911/103821001/103818774/103816556/103813313/103823859/103818104/103819027/103814640/103821150/103821247/103819051/103826308/103821958/103814184/103812698/103812440/103826750/103813716/103818014/103824424/103820783/103816444/103817300/103816031/103815840/103813598/103822777/103820459/103817727/103816118/103826065/103823134/103817665/103814562/103816650/103812282/103821405/103814266/103813890/103817368/103815909/103819799/103812764/103812919/103814022/103817524/103826582/103819235/103818395/103813235/103815508/103816039/103822764/103825066/103823831/103818704/103826478/103826629/103822712/103823730/103822320/103826581/103813115/103813976","BP","infection_all"
"GO:0009605","response to external stimulus",30,0.6934955123901196,2.0491369634507395,7.943366329756425e-5,0.002522018809697665,0.0022715240557022757,1442,"tags=50%, list=13%, signal=44%","103824282/103820351/103822351/103821712/103813055/103815911/103812980/103819051/103816444/103813169/103812959/103812987/103812985/103823962/103822624","BP","infection_all"
"GO:0065007","biological regulation",440,0.3390450611279161,1.5011672022289755,1.0525022131433446e-4,0.003084641101597033,0.0027782649512933634,1921,"tags=23%, list=18%, signal=20%","103826749/103826392/103826311/103812489/103822087/103813055/103817501/103823262/103817654/103815911/103821001/103818774/103816556/103813313/103819792/103823859/103812980/103818104/103819027/103814640/103817647/103826697/103815411/103821150/103821247/103819051/103826308/103821958/103814184/103812698/103812440/103826750/103814509/103813716/103818014/103826333/103824424/103818347/103820783/103814508/103816444/103817300/103816031/103813028/103815840/103813598/103812959/103824242/103815565/103815253/103815545/103822777/103820459/103819654/103816060/103817727/103820436/103816118/103826065/103823134/103817665/103814562/103816650/103817243/103812282/103821405/103814266/103813890/103813745/103815727/103817368/103815909/103819799/103812764/103824089/103812919/103814022/103817524/103826582/103819235/103814297/103818395/103813235/103815508/103816039/103826521/103822764/103825066/103825712/103823831/103823688/103818704/103826478/103826629/103822712/103823730/103822320/103826581/103818035/103818997/103814507/103813115/103813976","BP","infection_all"
"GO:0043604","amide biosynthetic process",66,-0.5309843710250558,-1.9414642068778187,1.5447888016666562e-4,0.004204032381678543,0.003786474807092706,1975,"tags=48%, list=18%, signal=40%","103820009/103820195/103813003/103820088/103815291/103822885/103826008/103817860/103812407/103827119/103826729/103813272/103819445/103817571/103812360/103824076/103812957/103824232/103812989/103814742/103821868/103814085/103824808/103813219/103814016/103815368/103816764/103820545/103824530/103816293/103820125/103821875","BP","infection_all"
"GO:0009607","response to biotic stimulus",12,0.8166411301266995,1.9957148246128738,2.528571250093328e-4,0.00507045076992399,0.004566837825653323,940,"tags=67%, list=9%, signal=61%","103824282/103820351/103822351/103813055/103815911/103819051/103816444/103812959","BP","infection_all"
"GO:0043207","response to external biotic stimulus",12,0.8166411301266995,1.9957148246128738,2.528571250093328e-4,0.00507045076992399,0.004566837825653323,940,"tags=67%, list=9%, signal=61%","103824282/103820351/103822351/103813055/103815911/103819051/103816444/103812959","BP","infection_all"
"GO:0044419","biological process involved in interspecies interaction between organisms",12,0.8166411301266995,1.9957148246128738,2.528571250093328e-4,0.00507045076992399,0.004566837825653323,940,"tags=67%, list=9%, signal=61%","103824282/103820351/103822351/103813055/103815911/103819051/103816444/103812959","BP","infection_all"
"GO:0051707","response to other organism",12,0.8166411301266995,1.9957148246128738,2.528571250093328e-4,0.00507045076992399,0.004566837825653323,940,"tags=67%, list=9%, signal=61%","103824282/103820351/103822351/103813055/103815911/103819051/103816444/103812959","BP","infection_all"
"GO:0098542","defense response to other organism",12,0.8166411301266995,1.9957148246128738,2.528571250093328e-4,0.00507045076992399,0.004566837825653323,940,"tags=67%, list=9%, signal=61%","103824282/103820351/103822351/103813055/103815911/103819051/103816444/103812959","BP","infection_all"
"GO:0006950","response to stress",94,0.48637282228957057,1.8163077767099889,2.7709492444980243e-4,0.005278658310768737,0.004754365545822926,1727,"tags=27%, list=16%, signal=23%","103824282/103820351/103822351/103821581/103813055/108961868/103815911/103820948/103812980/103826483/103819051/103827024/103816444/103812959/103815253/103815624/103819654/103812985/103820596/103823962/103820083/103815817/103827103/103818704/103812645","BP","infection_all"
"GO:0050789","regulation of biological process",427,0.33116848944579896,1.4636634656174579,3.145723214139272e-4,0.005707240688509822,0.00514037978851831,1921,"tags=23%, list=18%, signal=20%","103826749/103826392/103826311/103812489/103822087/103813055/103817501/103823262/103817654/103815911/103821001/103818774/103816556/103813313/103823859/103812980/103818104/103819027/103814640/103826697/103821150/103821247/103819051/103826308/103821958/103814184/103812698/103812440/103826750/103814509/103813716/103818014/103826333/103824424/103818347/103820783/103814508/103816444/103817300/103816031/103813028/103815840/103813598/103812959/103824242/103815545/103822777/103820459/103819654/103816060/103817727/103820436/103816118/103826065/103823134/103817665/103814562/103816650/103817243/103812282/103821405/103814266/103813890/103813745/103815727/103817368/103815909/103819799/103812764/103824089/103812919/103814022/103817524/103826582/103819235/103814297/103818395/103813235/103815508/103816039/103826521/103822764/103825066/103825712/103823831/103823688/103818704/103826478/103826629/103822712/103823730/103822320/103826581/103818035/103818997/103814507/103813115/103813976","BP","infection_all"
"GO:0050794","regulation of cellular process",408,0.32826569436881925,1.442358138910415,8.561351429722245e-4,0.014826704066928069,0.013354069694207904,1921,"tags=23%, list=18%, signal=20%","103826749/103826392/103826311/103822087/103813055/103823262/103817654/103815911/103821001/103818774/103816556/103813313/103823859/103812980/103818104/103819027/103814640/103826697/103821150/103821247/103819051/103826308/103821958/103814184/103812698/103812440/103826750/103814509/103813716/103818014/103824424/103818347/103820783/103814508/103816444/103817300/103816031/103813028/103815840/103813598/103812959/103824242/103815545/103822777/103820459/103819654/103816060/103817727/103820436/103816118/103826065/103823134/103817665/103814562/103816650/103817243/103812282/103821405/103814266/103813890/103815727/103817368/103815909/103819799/103812764/103824089/103812919/103814022/103817524/103826582/103819235/103814297/103818395/103813235/103815508/103816039/103826521/103822764/103825066/103825712/103823831/103823688/103818704/103826478/103826629/103822712/103823730/103822320/103826581/103818035/103814507/103813115/103813976","BP","infection_all"
"GO:0043603","amide metabolic process",78,-0.4639009339277937,-1.7595134459258766,9.111793501278521e-4,0.01509388401733529,0.013594712500763377,2389,"tags=45%, list=22%, signal=35%","103820009/103820195/103826968/103813003/103826653/103820088/103816976/103815291/103822885/103826008/103817860/103812407/103827119/103826729/103813272/103819445/103817571/103812360/103824076/103812957/103824232/103812989/103814742/103821868/103814085/103824808/103813219/103814016/103815368/103816764/103820545/103824530/103816293/103820125/103821875","BP","infection_all"
"GO:0006954","inflammatory response",13,0.7782136016694098,1.9280775981131415,0.0015168285227435592,0.024079652798554,0.02168798677256142,1727,"tags=62%, list=16%, signal=52%","103813055/103815911/103820948/103812980/103819051/103815624/103812985/103812645","BP","infection_all"
"GO:1901135","carbohydrate derivative metabolic process",81,0.4577269164150012,1.6656819134818441,0.0019632441087735542,0.02991984021770897,0.02694810860884963,2807,"tags=46%, list=26%, signal=34%","103818157/103818774/103819087/103820784/103821040/103820464/103820481/103824404/103813997/103813496/103813745/103812734/103815733/103817229/103824825/103826610/103816039/103818612/103821348/103826899/103814944/103826707/103813273/103823189/103825920/103816951/103812716/103814231/103815322/103819810/103825994/103812762/103816806/103822399/103819045/103813925/103814830","BP","infection_all"
"GO:0006629","lipid metabolic process",108,0.4407727078833875,1.681163530336757,0.0025168771524992925,0.03688193058085502,0.03321870249857366,2246,"tags=38%, list=21%, signal=30%","103826392/103821581/103813937/103820165/103820593/103813931/103826010/103817601/103827212/103812698/103821040/103822107/103818954/103822123/103817065/103824582/103813442/103819647/103826637/103827274/103822109/103821239/103812799/103819799/103815733/103812919/103826610/103815508/103826899/103814944/103825279/103823730/103819442/103814801/103821020/103815479/103812721/103814522/103812732/103812914/103816322","BP","infection_all"
"GO:0044281","small molecule metabolic process",141,0.39251855541721903,1.5435834135700761,0.0026432823957706695,0.03729965158476389,0.03359493415287479,2713,"tags=37%, list=25%, signal=28%","103813189/103821581/103822944/103815752/103818803/103826599/103820784/103827212/103821040/103823720/103820464/103813389/103820500/103822123/103820481/103817065/103824404/103817737/103819363/103813771/103827350/103820752/103826637/103814023/103822109/103812799/103824172/103817229/103824825/103816039/103816036/103818585/103819574/103821348/103820123/103822691/103819442/103823189/103821020/103815479/103812721/103816951/103812914/103821326/103819341/103819810/103827134/103819060/103816806/103822399/103827309/103818197","BP","infection_all"
"GO:0002682","regulation of immune system process",13,0.729127774897558,1.806464094082054,0.006330500241267377,0.08614002114010252,0.07758432626515657,825,"tags=46%, list=8%, signal=43%","103813055/103815911/103813313/103812980/103819051/103816444","BP","infection_all"
"GO:0048583","regulation of response to stimulus",62,0.4567551184935299,1.5804917678287138,0.007912037268044738,0.10394779996982914,0.09362338110281614,2111,"tags=35%, list=19%, signal=29%","103813055/103815911/103818774/103813313/103812980/103819051/103813716/103816444/103816031/103819654/103817727/103823134/103817665/103816650/103817368/103813235/103818704/103822712/103826581/103817746/103815793/103814758","BP","infection_all"
"GO:0048584","positive regulation of response to stimulus",22,0.6202632246337911,1.7402145874706019,0.009407541482447304,0.11947577682708076,0.10760907099220425,1259,"tags=36%, list=12%, signal=32%","103813055/103815911/103818774/103813313/103812980/103819051/103816444/103816650","BP","infection_all"
"GO:0006955","immune response",32,0.7020735878851481,2.0635386014405515,1.431868745074907e-4,0.049908844564788654,0.049777850222098914,1348,"tags=41%, list=12%, signal=36%","103824282/103820351/103821712/103813055/103814184/103826104/103823970/103819164/103820034/103812985/103815534/103816444/103815911","BP","diet_uninf"
"GO:0009605","response to external stimulus",30,0.668433247184085,1.9530466984165908,3.713367597400243e-4,0.049908844564788654,0.049777850222098914,1348,"tags=37%, list=12%, signal=32%","103824282/103820351/103821712/103813055/103813169/103823962/103818543/103812985/103812987/103816444/103815911","BP","diet_uninf"
"GO:0002376","immune system process",37,0.6363794585166256,1.9398689815920138,3.92983028069202e-4,0.049908844564788654,0.049777850222098914,1348,"tags=35%, list=12%, signal=31%","103824282/103820351/103821712/103813055/103814184/103826104/103823970/103819164/103820034/103812985/103815534/103816444/103815911","BP","diet_uninf"
"GO:0009607","response to biotic stimulus",12,0.7527564000395471,1.745997062363493,0.005758522918621344,0.24377747022163693,0.24313763434179012,487,"tags=33%, list=4%, signal=32%","103824282/103820351/103813055/103823962","BP","diet_uninf"
"GO:0043207","response to external biotic stimulus",12,0.7527564000395471,1.745997062363493,0.005758522918621344,0.24377747022163693,0.24313763434179012,487,"tags=33%, list=4%, signal=32%","103824282/103820351/103813055/103823962","BP","diet_uninf"
"GO:0044419","biological process involved in interspecies interaction between organisms",12,0.7527564000395471,1.745997062363493,0.005758522918621344,0.24377747022163693,0.24313763434179012,487,"tags=33%, list=4%, signal=32%","103824282/103820351/103813055/103823962","BP","diet_uninf"
"GO:0051707","response to other organism",12,0.7527564000395471,1.745997062363493,0.005758522918621344,0.24377747022163693,0.24313763434179012,487,"tags=33%, list=4%, signal=32%","103824282/103820351/103813055/103823962","BP","diet_uninf"
"GO:0098542","defense response to other organism",12,0.7527564000395471,1.745997062363493,0.005758522918621344,0.24377747022163693,0.24313763434179012,487,"tags=33%, list=4%, signal=32%","103824282/103820351/103813055/103823962","BP","diet_uninf"
"GO:0006950","response to stress",94,0.4485055686462092,1.5833832497419824,0.005340875981400907,0.24377747022163693,0.24313763434179012,1983,"tags=31%, list=18%, signal=25%","103824282/103820351/108961868/103813055/103818704/103819374/103821056/103823962/103818530/103821212/103826604/103826693/103821120/103818087/103812985/103827354/103816444/103815911/103820061/103821835/103820948/103827103/103825661/103823161/103820596/103823671/103816069/103812980/103827268","BP","diet_uninf"
"GO:0044242","cellular lipid catabolic process",16,-0.6910400294228612,-1.7322908497271563,0.009341329614414022,0.3559046583091742,0.3549705253477328,1399,"tags=38%, list=13%, signal=33%","103824075/103826646/103823998/103826648/103826733/103826392","BP","diet_uninf"
"GO:0040011","locomotion",15,0.6709100611696451,1.6732873039161482,0.020387721894483343,0.5472340516543248,0.5457977418074631,2195,"tags=60%, list=20%, signal=48%","103821712/103813169/103818543/103812985/103812987/103815545/103812980/103814762/103814274","BP","diet_uninf"
"GO:0006952","defense response",23,0.6006522709731708,1.6571664632901646,0.021000272587147196,0.5472340516543248,0.5457977418074631,1517,"tags=35%, list=14%, signal=30%","103824282/103820351/103813055/103823962/103812985/103816444/103815911/103820948","BP","diet_uninf"
"GO:0006935","chemotaxis",14,0.6645745515186475,1.621670132920877,0.020055054838606323,0.5472340516543248,0.5457977418074631,2195,"tags=57%, list=20%, signal=46%","103821712/103813169/103818543/103812985/103812987/103812980/103814762/103814274","BP","diet_uninf"
"GO:0042330","taxis",14,0.6645745515186475,1.621670132920877,0.020055054838606323,0.5472340516543248,0.5457977418074631,2195,"tags=57%, list=20%, signal=46%","103821712/103813169/103818543/103812985/103812987/103812980/103814762/103814274","BP","diet_uninf"
"GO:0042981","regulation of apoptotic process",26,0.5574488491561279,1.578623870139756,0.02298095754978792,0.5472340516543248,0.5457977418074631,1835,"tags=38%, list=17%, signal=32%","103814509/103814508/103819114/103814295/103817627/103814507/103819084/103827175/103820467/103819122","BP","diet_uninf"
"GO:0043067","regulation of programmed cell death",26,0.5574488491561279,1.578623870139756,0.02298095754978792,0.5472340516543248,0.5457977418074631,1835,"tags=38%, list=17%, signal=32%","103814509/103814508/103819114/103814295/103817627/103814507/103819084/103827175/103820467/103819122","BP","diet_uninf"
"GO:0006259","DNA metabolic process",70,0.4271587044924994,1.4451654301492853,0.026196417489078125,0.5871079449022802,0.5855669791676287,2139,"tags=33%, list=20%, signal=27%","108961868/103815022/103821056/103815325/103817027/103819737/103818530/103821212/103826604/103826693/103821120/103827354/103821618/103816751/103827103/103814276/103825661/103820596/103816069/103827268/103813525/103817010/103817359","BP","diet_uninf"
"GO:0006897","endocytosis",16,-0.6252368255976165,-1.567336168354495,0.03714101639210293,0.7132186126830516,0.7113466478203665,1806,"tags=44%, list=17%, signal=37%","103814682/103814332/103823182/103812787/103814817/103812786/127059043","BP","diet_uninf"
"GO:0098657","import into cell",16,-0.6252368255976165,-1.567336168354495,0.03714101639210293,0.7132186126830516,0.7113466478203665,1806,"tags=44%, list=17%, signal=37%","103814682/103814332/103823182/103812787/103814817/103812786/127059043","BP","diet_uninf"
"GO:0043547","positive regulation of GTPase activity",10,0.6740632203990726,1.5226944537043168,0.0374392972537035,0.7132186126830516,0.7113466478203665,30,"tags=10%, list=0%, signal=10%","103819792","BP","diet_uninf"
"GO:0080134","regulation of response to stress",17,0.5989024137346235,1.5404378160185104,0.055226824457593686,0.9165998396150762,0.9141940657578188,1348,"tags=29%, list=12%, signal=26%","103813055/103818704/103821056/103816444/103815911","BP","diet_uninf"
"GO:0007167","enzyme-linked receptor protein signaling pathway",11,-0.6632918803946942,-1.5167970315209187,0.05622489959839357,0.9165998396150762,0.9141940657578188,910,"tags=27%, list=8%, signal=25%","103816118/103824316/103821834","BP","diet_uninf"
"GO:0051336","regulation of hydrolase activity",20,0.5621067812099995,1.4933542337220322,0.06097560975609756,0.9165998396150762,0.9141940657578188,447,"tags=15%, list=4%, signal=14%","103819792/103812489/103813745","BP","diet_uninf"
"GO:0051345","positive regulation of hydrolase activity",12,0.6321337290087785,1.466216207277976,0.07113821138211382,0.9165998396150762,0.9141940657578188,30,"tags=8%, list=0%, signal=8%","103819792","BP","diet_uninf"
"GO:0043087","regulation of GTPase activity",12,0.6304823580771753,1.462385899365217,0.07317073170731707,0.9165998396150762,0.9141940657578188,30,"tags=8%, list=0%, signal=8%","103819792","BP","diet_uninf"
"GO:0043414","macromolecule methylation",17,0.5673625831738304,1.45931416950706,0.08481262327416174,0.9165998396150762,0.9141940657578188,1890,"tags=47%, list=17%, signal=39%","103816965/103814885/103818376/103826078/103826913/103816642/103817738/103816678","BP","diet_uninf"
"GO:0007155","cell adhesion",23,-0.5225801711645452,-1.4389343946969508,0.07003891050583658,0.9165998396150762,0.9141940657578188,1919,"tags=39%, list=18%, signal=32%","103821681/103814560/103824310/103823054/103822365/103826317/103816581/103816661/103824216","BP","diet_uninf"
"GO:0016042","lipid catabolic process",30,-0.49014131112102777,-1.4376909439123884,0.06470588235294118,0.9165998396150762,0.9141940657578188,1399,"tags=30%, list=13%, signal=26%","103813604/103824075/103826646/103823998/103823709/103826648/103813937/103826733/103826392","BP","diet_uninf"
"GO:0006511","ubiquitin-dependent protein catabolic process",37,0.46986361175181984,1.4322804324023222,0.07581967213114754,0.9165998396150762,0.9141940657578188,1814,"tags=19%, list=17%, signal=16%","103820525/103824591/103825159/103826787/103813393/103827382/103826536","BP","diet_uninf"
"GO:0019941","modification-dependent protein catabolic process",37,0.46986361175181984,1.4322804324023222,0.07581967213114754,0.9165998396150762,0.9141940657578188,1814,"tags=19%, list=17%, signal=16%","103820525/103824591/103825159/103826787/103813393/103827382/103826536","BP","diet_uninf"
"GO:0044282","small molecule catabolic process",23,-0.6646250136027204,-1.941122455996647,0.0012707081738030836,0.160833910006316,0.14708115544160963,828,"tags=22%, list=8%, signal=20%","103821551/103816058/103825954/103822868/103813189","BP","interaction_diet:infection"
"GO:0006955","immune response",32,-0.6017152346653154,-1.8719474926584319,0.0019443442159224858,0.160833910006316,0.14708115544160963,235,"tags=31%, list=2%, signal=31%","103825066/103819164/103815911/103820036/103812309/103814184/103821712/103813055/103820351/103824282","BP","interaction_diet:infection"
"GO:0006952","defense response",23,-0.6322653158005855,-1.8466118149774444,0.0033177495269824096,0.160833910006316,0.14708115544160963,709,"tags=30%, list=6%, signal=29%","103823962/103823671/103816409/103820948/103813055/103820351/103824282","BP","interaction_diet:infection"
"GO:0009607","response to biotic stimulus",12,-0.7358393515358305,-1.8184575293827625,0.004941142813470075,0.160833910006316,0.14708115544160963,709,"tags=42%, list=6%, signal=39%","103823962/103823671/103813055/103820351/103824282","BP","interaction_diet:infection"
"GO:0043207","response to external biotic stimulus",12,-0.7358393515358305,-1.8184575293827625,0.004941142813470075,0.160833910006316,0.14708115544160963,709,"tags=42%, list=6%, signal=39%","103823962/103823671/103813055/103820351/103824282","BP","interaction_diet:infection"
"GO:0044419","biological process involved in interspecies interaction between organisms",12,-0.7358393515358305,-1.8184575293827625,0.004941142813470075,0.160833910006316,0.14708115544160963,709,"tags=42%, list=6%, signal=39%","103823962/103823671/103813055/103820351/103824282","BP","interaction_diet:infection"
"GO:0051707","response to other organism",12,-0.7358393515358305,-1.8184575293827625,0.004941142813470075,0.160833910006316,0.14708115544160963,709,"tags=42%, list=6%, signal=39%","103823962/103823671/103813055/103820351/103824282","BP","interaction_diet:infection"
"GO:0098542","defense response to other organism",12,-0.7358393515358305,-1.8184575293827625,0.004941142813470075,0.160833910006316,0.14708115544160963,709,"tags=42%, list=6%, signal=39%","103823962/103823671/103813055/103820351/103824282","BP","interaction_diet:infection"
"GO:0009605","response to external stimulus",30,-0.5872505107610655,-1.7958890398256346,0.0034800307538456797,0.160833910006316,0.14708115544160963,709,"tags=20%, list=6%, signal=19%","103823962/103823671/103821712/103813055/103820351/103824282","BP","interaction_diet:infection"
"GO:0002376","immune system process",37,-0.551986857188986,-1.777052627823426,0.005379010626300493,0.160833910006316,0.14708115544160963,235,"tags=14%, list=2%, signal=13%","103814184/103821712/103813055/103820351/103824282","BP","interaction_diet:infection"
"GO:0051603","proteolysis involved in protein catabolic process",41,-0.5392863598531469,-1.7747034672222615,0.004305024879228268,0.160833910006316,0.14708115544160963,2628,"tags=41%, list=24%, signal=32%","103820051/103818594/103823620/103818493/103820391/103817207/103816392/103813393/103816334/103820061/103826071/103827382/103826536/103826787/103824591/103825159/103820525","BP","interaction_diet:infection"
"GO:1903047","mitotic cell cycle process",17,0.7086822155832952,1.745687231328698,0.0030166050866656823,0.160833910006316,0.14708115544160963,1198,"tags=47%, list=11%, signal=42%","103818045/103823182/103826902/103822175/103816298/103818673/103817392/103824427","BP","interaction_diet:infection"
"GO:0000278","mitotic cell cycle",20,0.6725554074224065,1.7281906587881357,0.005487771207564589,0.160833910006316,0.14708115544160963,1198,"tags=40%, list=11%, signal=36%","103818045/103823182/103826902/103822175/103816298/103818673/103817392/103824427","BP","interaction_diet:infection"
"GO:0009260","ribonucleotide biosynthetic process",15,-0.6952535812223193,-1.812555094691217,0.0070053438457594736,0.17793573368229063,0.16272061845237795,1371,"tags=33%, list=13%, signal=29%","103819810/103826803/103823755/103817229/103822868","BP","interaction_diet:infection"
"GO:0046390","ribose phosphate biosynthetic process",15,-0.6952535812223193,-1.812555094691217,0.0070053438457594736,0.17793573368229063,0.16272061845237795,1371,"tags=33%, list=13%, signal=29%","103819810/103826803/103823755/103817229/103822868","BP","interaction_diet:infection"
"GO:0016579","protein deubiquitination",20,-0.6381056134734957,-1.7690970867388993,0.010332874210143873,0.1968412537032408,0.18000954545040118,338,"tags=15%, list=3%, signal=15%","103825159/103814125/103820525","BP","interaction_diet:infection"
"GO:0006511","ubiquitin-dependent protein catabolic process",37,-0.5314278805637583,-1.7108655747053974,0.009480555795594866,0.1968412537032408,0.18000954545040118,2628,"tags=41%, list=24%, signal=31%","103820051/103818594/103823620/103820391/103817207/103816392/103813393/103816334/103826071/103827382/103826536/103826787/103824591/103825159/103820525","BP","interaction_diet:infection"
"GO:0019941","modification-dependent protein catabolic process",37,-0.5314278805637583,-1.7108655747053974,0.009480555795594866,0.1968412537032408,0.18000954545040118,2628,"tags=41%, list=24%, signal=31%","103820051/103818594/103823620/103820391/103817207/103816392/103813393/103816334/103826071/103827382/103826536/103826787/103824591/103825159/103820525","BP","interaction_diet:infection"
"GO:0007167","enzyme-linked receptor protein signaling pathway",11,0.7511711396590265,1.6627716751941892,0.01013893158492811,0.1968412537032408,0.18000954545040118,670,"tags=27%, list=6%, signal=26%","103821834/103816118/103824316","BP","interaction_diet:infection"
"GO:1901575","organic substance catabolic process",115,-0.3765873930603371,-1.4885996196680762,0.010027796515874373,0.1968412537032408,0.18000954545040118,2073,"tags=27%, list=19%, signal=22%","103815796/103816392/103823972/103815091/103820368/103813393/103816334/103812293/103814801/103816730/103820061/103816017/103826071/103815856/103825990/103827382/103814720/103826536/103826787/103821551/103824591/103818008/103817010/103816058/103825159/103825954/103813931/103822868/103820477/103820525/103813189","BP","interaction_diet:infection"
"GO:0034220","monoatomic ion transmembrane transport",13,-0.7070166196997433,-1.7936266126887983,0.011430658264398786,0.19795821812436076,0.18103099930698555,1115,"tags=38%, list=10%, signal=35%","103821126/103818354/103812804/103822810/103822087","BP","interaction_diet:infection"
"GO:1901565","organonitrogen compound catabolic process",61,-0.446931947411993,-1.5877303809941867,0.011027973350233299,0.19795821812436076,0.18103099930698555,2628,"tags=39%, list=24%, signal=30%","103820051/103818594/103823620/103818493/103820391/103817207/103816392/103823972/103813393/103816334/103812293/103820061/103816017/103826071/103815856/103827382/103826536/103826787/103824591/103816058/103825159/103825954/103822868/103820525","BP","interaction_diet:infection"
"GO:0016054","organic acid catabolic process",17,-0.6473770972434437,-1.7470647863601734,0.012568449425138637,0.19952413462407587,0.18246301577723195,401,"tags=18%, list=4%, signal=17%","103816058/103825954/103813189","BP","interaction_diet:infection"
"GO:0046395","carboxylic acid catabolic process",17,-0.6473770972434437,-1.7470647863601734,0.012568449425138637,0.19952413462407587,0.18246301577723195,401,"tags=18%, list=4%, signal=17%","103816058/103825954/103813189","BP","interaction_diet:infection"
"GO:0070646","protein modification by small protein removal",21,-0.6194904695953461,-1.7547975392742188,0.01324386359347127,0.20007487490388567,0.18296666277990375,338,"tags=33%, list=3%, signal=32%","103814586/103820391/103813393/103816334/103825159/103814125/103820525","BP","interaction_diet:infection"
"GO:0055085","transmembrane transport",30,-0.529984730682047,-1.6207627778361953,0.013653403536748104,0.20007487490388567,0.18296666277990375,1115,"tags=27%, list=10%, signal=24%","103821126/103818354/103825605/103812804/103812832/103813000/103822810/103822087","BP","interaction_diet:infection"
"GO:0030163","protein catabolic process",43,-0.5097398784162859,-1.6825999601660195,0.014237086701486431,0.2009011123431974,0.1837222494421836,2628,"tags=40%, list=24%, signal=30%","103820051/103818594/103823620/103818493/103820391/103817207/103816392/103813393/103816334/103820061/103826071/103827382/103826536/103826787/103824591/103825159/103820525","BP","interaction_diet:infection"
"GO:0009259","ribonucleotide metabolic process",19,-0.6067411339270324,-1.6588571904513927,0.01628906880129604,0.2140046625273721,0.19570532752192338,1371,"tags=26%, list=13%, signal=23%","103819810/103826803/103823755/103817229/103822868","BP","interaction_diet:infection"
"GO:0019693","ribose phosphate metabolic process",19,-0.6067411339270324,-1.6588571904513927,0.01628906880129604,0.2140046625273721,0.19570532752192338,1371,"tags=26%, list=13%, signal=23%","103819810/103826803/103823755/103817229/103822868","BP","interaction_diet:infection"
"GO:0010498","proteasomal protein catabolic process",14,-0.641436252000303,-1.6472080980496921,0.022972825967486312,0.26493249363230675,0.24227836826162055,2988,"tags=64%, list=27%, signal=47%","103820776/103820051/103818594/103823620/103817207/103820061/103826071/103826536/103824591","BP","interaction_diet:infection"
"GO:0006518","peptide metabolic process",64,-0.5782800625604958,-2.1993761397335962,1.9943981904402495e-6,5.281873001064065e-4,4.640518343247334e-4,3218,"tags=64%, list=29%, signal=45%","103815949/103820740/103821533/103813272/103821337/103826295/103822097/103826008/103813251/103820553/103817079/103817571/103812300/103819357/103812989/103824076/103812407/103814742/103819445/103827119/103814085/103817838/103813219/103824808/103812360/103812957/103821868/103820088/103817860/103814016/103822885/103815368/103813003/103816764/103816976/103820545/103824232/103824530/103814574/103820125/103816293","BP","infection_protein"
"GO:0043043","peptide biosynthetic process",59,-0.5768322911027297,-2.1556073716851847,2.772636745965388e-6,5.281873001064065e-4,4.640518343247334e-4,3203,"tags=64%, list=29%, signal=46%","103820740/103821533/103813272/103821337/103826295/103822097/103826008/103813251/103820553/103817079/103817571/103812300/103819357/103812989/103824076/103812407/103814742/103819445/103827119/103814085/103817838/103813219/103824808/103812360/103812957/103821868/103820088/103817860/103814016/103822885/103815368/103813003/103816764/103820545/103824232/103824530/103820125/103816293","BP","infection_protein"
"GO:0006412","translation",58,-0.5835619108274728,-2.1737430790788466,5.390671327730258e-6,6.846152586217428e-4,6.01485432357271e-4,3203,"tags=66%, list=29%, signal=47%","103820740/103821533/103813272/103821337/103826295/103822097/103826008/103813251/103820553/103817079/103817571/103812300/103819357/103812989/103824076/103812407/103814742/103819445/103827119/103814085/103817838/103813219/103824808/103812360/103812957/103821868/103820088/103817860/103814016/103822885/103815368/103813003/103816764/103820545/103824232/103824530/103820125/103816293","BP","infection_protein"
"GO:0050896","response to stimulus",338,0.3931147889812561,1.6093829962377215,2.003309044889338e-5,0.0019081518652570943,0.0016764533586179197,2518,"tags=32%, list=23%, signal=26%","103826749/103826392/103822351/103821581/103823970/103816081/103821150/103823262/103823859/103826311/103813716/103821958/103816118/103821001/103813313/103826317/103822764/103823713/103816444/103814802/103813598/103815624/103815911/103826582/103815817/103822777/103826483/103819051/103818774/103826401/103819027/103821679/103812987/103812980/103820083/103818104/103827024/103821247/103812698/103820151/103816556/103818168/103826308/103817300/103826267/103826750/103812440/103823831/103813890/103818014/103822175/103815253/103817368/103820783/103826581/103821834/103818530/103812959/103812645/103813169/103822320/103817524/103814562/103812764/103816425/103812919/103815931/103817665/103813115/103815840/103815793/103826065/103821681/103814884/103821617/103815508/103815358/103820948/103823134/103822624/103819654/103819235/103821405/103821519/103818395/103820459/103817242/103822674/103812985/103821712/103821589/103827103/103812309/103816664/103819114/103814479/103816806/103822662/103816039/103817727/103817765/103820721/103826478/103824236/103824424/103812290/103821959/103818396/103813289","BP","infection_protein"
"GO:0023052","signaling",231,0.40639615890608516,1.6215797262835472,1.0676234767597574e-4,0.008135290892909352,0.007147458223360059,2697,"tags=36%, list=25%, signal=28%","103826749/103826392/103821150/103823262/103823859/103826311/103813716/103821958/103816118/103821001/103813313/103826317/103822764/103826333/103823713/103816444/103813598/103815911/103826582/103822777/103819051/103818774/103819027/103821679/103818104/103821247/103812698/103816556/103826308/103817300/103826267/103826750/103812440/103823831/103813890/103818014/103817368/103820783/103826581/103821834/103822320/103817524/103814562/103812764/103816425/103812919/103815931/103817665/103813115/103815840/103815793/103826065/103821681/103814884/103815508/103823134/103819235/103821405/103821519/103818395/103820459/103818997/103822674/103821589/103816664/103819114/103816806/103816039/103817727/103817765/103820721/103826478/103824236/103824424/103812290/103821959/103818396/103816650/103819037/103824231/103817746/103823915/103815534","BP","infection_protein"
"GO:0006811","monoatomic ion transport",21,-0.6954412824180694,-2.1112687801573884,1.565084704790217e-4,0.008518532464643897,0.007484164452981792,2073,"tags=52%, list=19%, signal=43%","103822126/103818354/103814902/103813413/103821126/103814290/103822810/103817032/103815373/103822087/103815403","BP","infection_protein"
"GO:0051716","cellular response to stimulus",281,0.3886150980139941,1.5684634159436206,1.3509263000358043e-4,0.008518532464643897,0.007484164452981792,2697,"tags=33%, list=25%, signal=26%","103826749/103826392/103821581/103821150/103823262/103823859/103826311/103813716/103821958/103816118/103821001/103813313/103826317/103822764/103823713/103816444/103813598/103815911/103826582/103815817/103822777/103826483/103819051/103818774/103826401/103819027/103821679/103812980/103820083/103818104/103827024/103821247/103812698/103816556/103826308/103817300/103826267/103826750/103812440/103823831/103813890/103818014/103822175/103817368/103820783/103826581/103821834/103818530/103822320/103817524/103814562/103812764/103816425/103812919/103815931/103817665/103813115/103815840/103815793/103826065/103821681/103814884/103815508/103823134/103819654/103819235/103821405/103821519/103818395/103820459/103817242/103822674/103821589/103827103/103816664/103819114/103816806/103816039/103817727/103817765/103820721/103826478/103824236/103824424/103812290/103821959/103818396/103816650/103819037/103824231/103817746/103823915/103815534","BP","infection_protein"
"GO:0043603","amide metabolic process",78,-0.45414659859882134,-1.8082643619299974,2.471374880289431e-4,0.009348303331506448,0.008213179885119631,2436,"tags=46%, list=22%, signal=36%","103826968/103820553/103817079/103817571/103812300/103826729/103819357/103812989/103824076/103812407/103814742/103826653/103819445/103827119/103814085/103817838/103813219/103824808/103821916/103812360/103812957/103821868/103820088/103817860/103814016/103822885/103815368/103813003/103816764/103816976/103820545/103824232/103824530/103814574/103820125/103816293","BP","infection_protein"
"GO:0006629","lipid metabolic process",108,0.4698982946268673,1.7186960879065838,2.6989852138207594e-4,0.009348303331506448,0.008213179885119631,2165,"tags=28%, list=20%, signal=22%","103826392/103821581/103813937/103820593/103820165/103822109/103822123/103812721/103816322/103817601/103814522/103812698/103826010/103813604/103827212/103823709/103826637/103826610/103815479/103821040/103818954/103827309/103812919/103817065/103826648/103815508/103822107/103821020/103816883/103812799","BP","infection_protein"
"GO:0007165","signal transduction",227,0.40227649532420057,1.5977583157767978,2.4697858345305965e-4,0.009348303331506448,0.008213179885119631,2697,"tags=36%, list=25%, signal=27%","103826749/103826392/103821150/103823262/103823859/103826311/103813716/103821958/103816118/103821001/103813313/103826317/103822764/103823713/103816444/103813598/103815911/103826582/103822777/103819051/103818774/103819027/103821679/103818104/103821247/103812698/103816556/103826308/103817300/103826267/103826750/103812440/103823831/103813890/103818014/103817368/103820783/103826581/103821834/103822320/103817524/103814562/103812764/103816425/103812919/103815931/103817665/103813115/103815840/103815793/103826065/103821681/103814884/103815508/103823134/103819235/103821405/103821519/103818395/103820459/103822674/103821589/103816664/103819114/103816806/103816039/103817727/103817765/103820721/103826478/103824236/103824424/103812290/103821959/103818396/103816650/103819037/103824231/103817746/103823915/103815534","BP","infection_protein"
"GO:0007154","cell communication",233,0.3986655234604672,1.5868972081437582,2.5409182819952623e-4,0.009348303331506448,0.008213179885119631,2697,"tags=35%, list=25%, signal=27%","103826749/103826392/103821150/103823262/103823859/103826311/103813716/103821958/103816118/103821001/103813313/103826317/103822764/103823713/103816444/103813598/103815911/103826582/103822777/103819051/103818774/103819027/103821679/103818104/103821247/103812698/103816556/103826308/103817300/103826267/103826750/103812440/103823831/103813890/103818014/103817368/103820783/103826581/103821834/103822320/103817524/103814562/103812764/103816425/103812919/103815931/103817665/103813115/103815840/103815793/103826065/103821681/103814884/103815508/103823134/103819235/103821405/103821519/103818395/103820459/103818997/103822674/103821589/103816664/103819114/103816806/103816039/103817727/103817765/103820721/103826478/103824236/103824424/103812290/103821959/103818396/103816650/103819037/103824231/103817746/103823915/103815534","BP","infection_protein"
"GO:0010467","gene expression",317,-0.2958291084585876,-1.4456395770062922,4.0546594568866836e-4,0.01287354377561522,0.01131036585342075,3218,"tags=41%, list=29%, signal=30%","103815949/103825993/103820740/103821533/103813572/103814876/103823001/103813272/103827425/103817064/103821521/103821337/103818077/103818721/103821149/103820563/103826295/103822097/103814433/103826008/103813215/103826807/103816053/103818598/103818201/103813251/103815500/103820769/103819979/103813436/103823486/103822208/103814848/103820547/103812254/103818703/103818670/103820136/103816578/103819061/103822550/103821306/103824734/103820553/103817079/103822385/103817571/103819029/103821153/103819779/103812300/103823693/103817329/103819794/103813752/103823161/103817744/103826067/103813298/103822680/103819357/103812989/103822950/103813204/103822074/103824076/103821211/103827221/103819320/103823618/103820712/103813198/103817743/103812407/103812398/103814742/103819817/103818973/103813630/115483830/103825967/103818526/103819445/103818150/103819228/103827119/103816713/103820374/103821385/103814085/103820713/103817838/103812879/103822902/103813219/103821835/103813248/103824808/103813196/103820799/103812360/103826622/103812957/103821868/103820177/103820088/103813006/103817860/103814720/103814016/103818036/103813882/103823946/103814550/103822885/103815368/103821212/103827269/103813003/103816764/103816642/103816976/103820545/103824232/103824530/103822353/103820125/103816293/103814125/103814814/103814885","BP","infection_protein"
"GO:0043604","amide biosynthetic process",66,-0.47958145619440135,-1.8330028575157356,5.420382510331199e-4,0.01588589028027836,0.013956936342391266,2364,"tags=47%, list=22%, signal=37%","103820553/103817079/103817571/103812300/103826729/103819357/103812989/103824076/103812407/103814742/103819445/103827119/103814085/103817838/103813219/103824808/103812360/103812957/103821868/103820088/103817860/103814016/103822885/103815368/103813003/103816764/103820545/103824232/103824530/103820125/103816293","BP","infection_protein"
"GO:0006396","RNA processing",105,-0.38368007167607676,-1.608853391486977,0.0014687989824989276,0.03997231516657796,0.03511865236350819,3442,"tags=50%, list=32%, signal=35%","103818011/103826501/103824137/103826551/103821843/103825993/103814876/103817064/103821521/103821149/103820563/103813215/103818598/103818201/103820769/103819979/103813436/103823486/103822208/103814848/103812254/103818703/103820136/103821153/103819779/103823693/103819794/103813752/103813204/103821211/103819320/103820712/103817743/103819817/103813630/103825967/103818526/103818150/103820374/103821385/103820713/103812879/103820799/103820177/103813006/103818036/103813882/103823946/103814550/103827269/103816642/103814814/103814885","BP","infection_protein"
"GO:0002376","immune system process",37,0.5774002552725241,1.7961469470498515,0.001608898699299349,0.04086602696220346,0.03590384465804863,2697,"tags=57%, list=25%, signal=43%","103823970/103816081/103813313/103816444/103815911/103819051/103812980/103821247/103812959/103824639/103813115/103815793/103821617/103812985/103821712/103812309/103814479/103822662/103821959/103824231/103815534","BP","infection_protein"
"GO:0034220","monoatomic ion transmembrane transport",13,-0.7297865650997144,-1.9538401158214667,0.0026415872367146864,0.05662524320895474,0.04974948843886617,941,"tags=46%, list=9%, signal=42%","103818354/103821126/103814290/103822810/103822087/103815403","BP","infection_protein"
"GO:0016042","lipid catabolic process",30,0.5957452559449491,1.764088628654765,0.0026743719706044983,0.05662524320895474,0.04974948843886617,2165,"tags=37%, list=20%, signal=29%","103826392/103813937/103812698/103813604/103823709/103815479/103812919/103817065/103826648/103821020/103812799","BP","infection_protein"
"GO:0022613","ribonucleoprotein complex biogenesis",42,-0.4906240873120967,-1.7133630681683452,0.0026752083405805387,0.05662524320895474,0.04974948843886617,2925,"tags=48%, list=27%, signal=35%","103822097/103818598/103813251/103819979/103813436/103819794/103812989/103812731/103819817/103818526/103821385/103814085/103812879/103813219/103824346/103812807/103813006/103820601/103816642/103818043","BP","infection_protein"
"GO:0000375","RNA splicing, via transesterification reactions",32,-0.5410909691703609,-1.7950761241757975,0.0033189256586310468,0.05910420706468841,0.051927442593095494,3442,"tags=59%, list=32%, signal=41%","103818011/103826501/103821843/103820563/103813215/103814848/103818703/103820136/103821153/103820712/103817743/103819817/103825967/103820374/103821385/103813006/103823946/103827269/103816642","BP","infection_protein"
"GO:0000377","RNA splicing, via transesterification reactions with bulged adenosine as nucleophile",32,-0.5410909691703609,-1.7950761241757975,0.0033189256586310468,0.05910420706468841,0.051927442593095494,3442,"tags=59%, list=32%, signal=41%","103818011/103826501/103821843/103820563/103813215/103814848/103818703/103820136/103821153/103820712/103817743/103819817/103825967/103820374/103821385/103813006/103823946/103827269/103816642","BP","infection_protein"
"GO:0000398","mRNA splicing, via spliceosome",32,-0.5410909691703609,-1.7950761241757975,0.0033189256586310468,0.05910420706468841,0.051927442593095494,3442,"tags=59%, list=32%, signal=41%","103818011/103826501/103821843/103820563/103813215/103814848/103818703/103820136/103821153/103820712/103817743/103819817/103825967/103820374/103821385/103813006/103823946/103827269/103816642","BP","infection_protein"
"GO:0034660","ncRNA metabolic process",55,-0.4518206345540731,-1.6649688571589019,0.0035140653419847017,0.05910420706468841,0.051927442593095494,3378,"tags=51%, list=31%, signal=35%","103824137/103826551/103825993/103817064/103821521/103818598/103819979/103813436/103823486/103822208/103823693/103819794/103813752/103813204/103819320/103812407/103813630/103818526/103818150/103820713/103812879/103820177/103818036/103814550/103822885/103813003/103814814/103814885","BP","infection_protein"
"GO:0065007","biological regulation",440,0.3280264784335162,1.3623984682321335,0.0035679705052174106,0.05910420706468841,0.051927442593095494,2697,"tags=29%, list=25%, signal=23%","103826749/103826392/103817501/103817654/103821150/103823262/103823859/103826311/103813716/103821958/103815565/103812489/103816118/103821001/103813313/103823366/103826317/103822764/103826333/103823713/103816444/103813598/103826697/103815911/103826582/103822777/103819051/103817647/103818774/103819027/103821679/103812980/103818104/103821247/103812698/103816556/103826308/103817300/103826267/103826750/103812440/103815411/103823831/103813890/103818014/103812735/103815253/103817368/103813028/103820783/103826581/103821834/103812959/103822320/103826521/103821948/103814332/103817524/103819254/103814562/103812764/103816425/103812919/103822807/103815545/103815931/103817665/103813115/103815840/103812851/103815793/103815727/103817397/103826065/103816060/103821975/103821681/103814884/103815508/103823134/103818347/103814417/103818130/103819654/103813021/103820770/103818035/103819235/103817337/103824089/103821405/103821519/103818395/103820459/103822156/103823688/103818997/103822674/103813388/103821589/103816664/103819114/103814479/103816806/103822662/103816039/103821895/103817727/103817765/103820721/103826478/103824236/103824424/103812290/103821959/103818396/115483832/103813289/103816650/103825712/103816938/103819037/103824231/103817746/103823915/103818156/103815534","BP","infection_protein"
"GO:0006812","monoatomic cation transport",13,-0.7087629972355474,-1.8975542204171136,0.004359662363013341,0.06195449698015309,0.05443163431327168,1349,"tags=46%, list=12%, signal=40%","103822126/103813413/103814290/103817032/103815373/103815403","BP","infection_protein"
"GO:0030001","metal ion transport",13,-0.7087629972355474,-1.8975542204171136,0.004359662363013341,0.06195449698015309,0.05443163431327168,1349,"tags=46%, list=12%, signal=40%","103822126/103813413/103814290/103817032/103815373/103815403","BP","infection_protein"
"GO:0050794","regulation of cellular process",408,0.3285999780474397,1.3598422992163903,0.004148805554072918,0.06195449698015309,0.05443163431327168,2634,"tags=28%, list=24%, signal=22%","103826749/103826392/103817654/103821150/103823262/103823859/103826311/103813716/103821958/103816118/103821001/103813313/103823366/103826317/103822764/103823713/103816444/103813598/103826697/103815911/103826582/103822777/103819051/103818774/103819027/103821679/103812980/103818104/103821247/103812698/103816556/103826308/103817300/103826267/103826750/103812440/103823831/103813890/103818014/103812735/103817368/103813028/103820783/103826581/103821834/103812959/103822320/103826521/103821948/103814332/103817524/103819254/103814562/103812764/103816425/103812919/103822807/103815545/103815931/103817665/103813115/103815840/103812851/103815793/103815727/103817397/103826065/103816060/103821975/103821681/103814884/103815508/103823134/103818347/103814417/103818130/103819654/103813021/103820770/103818035/103819235/103817337/103824089/103821405/103821519/103818395/103820459/103822156/103823688/103822674/103813388/103821589/103816664/103819114/103814479/103816806/103822662/103816039/103817727/103817765/103820721/103826478/103824236/103824424/103812290/103821959/103818396/115483832/103813289/103816650/103825712/103816938/103819037/103824231/103817746","BP","infection_protein"
"GO:0050789","regulation of biological process",427,0.3284007948850004,1.3589965428919426,0.004390476163947857,0.06195449698015309,0.05443163431327168,2697,"tags=29%, list=25%, signal=23%","103826749/103826392/103817501/103817654/103821150/103823262/103823859/103826311/103813716/103821958/103812489/103816118/103821001/103813313/103823366/103826317/103822764/103826333/103823713/103816444/103813598/103826697/103815911/103826582/103822777/103819051/103818774/103819027/103821679/103812980/103818104/103821247/103812698/103816556/103826308/103817300/103826267/103826750/103812440/103823831/103813890/103818014/103812735/103817368/103813028/103820783/103826581/103821834/103812959/103822320/103826521/103821948/103814332/103817524/103819254/103814562/103812764/103816425/103812919/103822807/103815545/103815931/103817665/103813115/103815840/103812851/103815793/103815727/103817397/103826065/103816060/103821975/103821681/103814884/103815508/103823134/103818347/103814417/103818130/103819654/103813021/103820770/103818035/103819235/103817337/103824089/103821405/103821519/103818395/103820459/103822156/103823688/103818997/103822674/103813388/103821589/103816664/103819114/103814479/103816806/103822662/103816039/103821895/103817727/103817765/103820721/103826478/103824236/103824424/103812290/103821959/103818396/115483832/103813289/103816650/103825712/103816938/103819037/103824231/103817746/103823915/103818156/103815534","BP","infection_protein"
"GO:0006955","immune response",32,0.573479491505364,1.7247515770635529,0.004664735060059757,0.06347371635295598,0.055766381545075294,2697,"tags=56%, list=25%, signal=42%","103823970/103816081/103813313/103816444/103815911/103819051/103812980/103812959/103815793/103821617/103812985/103821712/103812309/103814479/103822662/103821959/103824231/103815534","BP","infection_protein"
"GO:0034470","ncRNA processing",43,-0.4854142427977183,-1.7017597152052824,0.005424642875426325,0.0712685839840493,0.06261475260927664,3378,"tags=58%, list=31%, signal=40%","103824137/103826551/103825993/103817064/103821521/103818598/103819979/103813436/103823486/103822208/103823693/103819794/103813752/103813204/103819320/103813630/103818526/103818150/103820713/103812879/103820177/103818036/103814550/103814814/103814885","BP","infection_protein"
"GO:0051603","proteolysis involved in protein catabolic process",41,-0.4709632985823638,-1.6339099801835975,0.006153410770812112,0.07814831678931382,0.06865910965327199,4222,"tags=61%, list=39%, signal=38%","103818584/103827382/103815988/103826536/103820061/103814940/103820525/103822523/103822600/103820657/103826787/103820740/103818683/103823620/103816334/103817207/103816392/103818493/103816972/103814826/103820391/103823315/103826071/103812913/103824591","BP","infection_protein"
"GO:0006955","immune response",32,0.7442110899690562,2.280305041114278,1.42934545598948e-6,3.7464355218755975e-4,3.5192376776839435e-4,1343,"tags=50%, list=12%, signal=44%","103824282/103820351/103821712/103813055/103823970/103814184/103815911/103816081/103812980/103812309/103813313/103819051/103825066/103812985/103819164/103812959","BP","infection_lipid"
"GO:0002376","immune system process",37,0.7114351182436818,2.206604120519767,1.9666328198822035e-6,3.7464355218755975e-4,3.5192376776839435e-4,1343,"tags=46%, list=12%, signal=40%","103824282/103820351/103821712/103813055/103823970/103814184/103815911/103816081/103812980/103812309/103821247/103813313/103819051/103825066/103812985/103819164/103812959","BP","infection_lipid"
"GO:0006952","defense response",23,0.7486429491588826,2.1004313702907877,5.303454005094698e-5,0.006735386586470267,0.006326927585025254,1343,"tags=52%, list=12%, signal=46%","103824282/103820351/103813055/103820948/103815911/103822351/103812980/103823962/103819051/103816409/103812985/103812959","BP","infection_lipid"
"GO:0009607","response to biotic stimulus",12,0.8142295757531332,1.9584176615013285,6.309451716507422e-4,0.026710012266548087,0.025090217352193255,1343,"tags=67%, list=12%, signal=59%","103824282/103820351/103813055/103815911/103822351/103823962/103819051/103812959","BP","infection_lipid"
"GO:0043207","response to external biotic stimulus",12,0.8142295757531332,1.9584176615013285,6.309451716507422e-4,0.026710012266548087,0.025090217352193255,1343,"tags=67%, list=12%, signal=59%","103824282/103820351/103813055/103815911/103822351/103823962/103819051/103812959","BP","infection_lipid"
"GO:0044419","biological process involved in interspecies interaction between organisms",12,0.8142295757531332,1.9584176615013285,6.309451716507422e-4,0.026710012266548087,0.025090217352193255,1343,"tags=67%, list=12%, signal=59%","103824282/103820351/103813055/103815911/103822351/103823962/103819051/103812959","BP","infection_lipid"
"GO:0051707","response to other organism",12,0.8142295757531332,1.9584176615013285,6.309451716507422e-4,0.026710012266548087,0.025090217352193255,1343,"tags=67%, list=12%, signal=59%","103824282/103820351/103813055/103815911/103822351/103823962/103819051/103812959","BP","infection_lipid"
"GO:0098542","defense response to other organism",12,0.8142295757531332,1.9584176615013285,6.309451716507422e-4,0.026710012266548087,0.025090217352193255,1343,"tags=67%, list=12%, signal=59%","103824282/103820351/103813055/103815911/103822351/103823962/103819051/103812959","BP","infection_lipid"
"GO:0050896","response to stimulus",338,0.32625961793694447,1.4517779829049662,5.123744965563985e-4,0.026710012266548087,0.025090217352193255,1799,"tags=25%, list=16%, signal=21%","103824282/103820351/103826311/103821712/103813055/108961868/103823970/103826749/103820948/103814184/103821581/103814640/103826392/103815911/103822351/103816081/103821001/103818774/103816031/103816556/103812980/103812309/103818104/103824424/103820596/103823262/103819799/103818704/103819027/103815451/103823962/103820605/103821247/103820059/103814022/103812282/103826483/103817727/103815840/103826308/103813313/103820459/103812440/103814266/103821120/103818014/103826750/103819051/103812698/103816650/103816021/103819654/103813235/103820783/103815909/103825066/103816409/103813169/103812985/103819164/103822712/103827024/103823134/103812959/103815110/103826065/103817300/103812823/103821405/103814758/103815253/103825661/103817665/103816730/103823730/103826629/103813976/103822624/103816039/103814562/103818543/103827103/103819235","BP","infection_lipid"
"GO:0009605","response to external stimulus",30,0.6492833183413732,1.9425691800071652,7.972936541986964e-4,0.027755634610936566,0.02607242925188129,1343,"tags=40%, list=12%, signal=35%","103824282/103820351/103821712/103813055/103815911/103822351/103812980/103823962/103819051/103813169/103812985/103812959","BP","infection_lipid"
"GO:0044281","small molecule metabolic process",141,0.40901534240278853,1.6147992703990632,8.013437814181161e-4,0.027755634610936566,0.02607242925188129,2326,"tags=31%, list=21%, signal=25%","103813189/103820477/103821581/103822944/103814023/103822868/103816036/103818803/103817229/103815752/103825954/103820500/103821040/103823720/103824172/103813389/103819363/103817065/103827212/103820784/103820464/103813925/103819574/103823189/103812799/103824825/103819810/103813771/103821348/103819442/103812914/103827350/103816039/103824404/103826803/103818585/103818197/103826637/103827134/103819341/103821551/103820123/103816058/103826768","BP","infection_lipid"
"GO:0044282","small molecule catabolic process",23,0.6557465468108515,1.8397964202145412,0.0034573971138272923,0.10977235836401653,0.1031153525176561,1334,"tags=26%, list=12%, signal=23%","103813189/103822868/103825954/103817065/103820464/103812799","BP","infection_lipid"
"GO:0006954","inflammatory response",13,0.7233147007164015,1.789195075700258,0.008379786212868476,0.18025578183431054,0.16932439791038978,1228,"tags=54%, list=11%, signal=48%","103813055/103820948/103815911/103812980/103819051/103816409/103812985","BP","infection_lipid"
"GO:0090407","organophosphate biosynthetic process",46,0.49337366878693156,1.6191983709408126,0.00906801687461891,0.18025578183431054,0.16932439791038978,2465,"tags=41%, list=23%, signal=32%","103815511/103824582/103822868/103818803/103817229/103815733/103819647/103821040/103818954/103819363/103817601/103814944/103813925/103819810/103824404/103826803/103813517/103813180/103816017","BP","infection_lipid"
"GO:0043043","peptide biosynthetic process",59,-0.4871428777518817,-1.6098454463574063,0.009426740152951786,0.18025578183431054,0.16932439791038978,3131,"tags=54%, list=29%, signal=39%","103827119/103816684/103821337/103826763/103824232/103812407/103822697/103820009/103819445/103821499/103820195/103826008/103812360/103812957/103821868/103815291/103813272/103817571/103815355/103814742/103815368/103814085/103824808/103814016/103824076/103812989/103820545/103813219/103824530/103816764/103816293/103820125","BP","infection_lipid"
"GO:0006412","translation",58,-0.48331954461915644,-1.589826330577873,0.009462245765580605,0.18025578183431054,0.16932439791038978,3131,"tags=53%, list=29%, signal=38%","103827119/103816684/103821337/103826763/103824232/103812407/103822697/103819445/103821499/103820195/103826008/103812360/103812957/103821868/103815291/103813272/103817571/103815355/103814742/103815368/103814085/103824808/103814016/103824076/103812989/103820545/103813219/103824530/103816764/103816293/103820125","BP","infection_lipid"
"GO:0006950","response to stress",94,0.41696358791766536,1.5488120984585199,0.006543171538017786,0.18025578183431054,0.16932439791038978,3000,"tags=46%, list=27%, signal=33%","103824282/103820351/103813055/108961868/103820948/103821581/103815911/103822351/103812980/103820596/103818704/103823962/103826483/103821120/103819051/103819654/103816409/103812985/103827024/103812959/103815253/103825661/103827103/103817746/103827354/103826693/103821212/103820061/103813816/103820776/103821056/103816444/103819374/103826604/103819492/103816948/103817150/103827243/103814339/103826499/103818594/103823161/103815624","BP","infection_lipid"
"GO:0006082","organic acid metabolic process",77,0.4322070548058356,1.5483219604420992,0.00928439037921936,0.18025578183431054,0.16932439791038978,2326,"tags=34%, list=21%, signal=27%","103813189/103820477/103821581/103816036/103815752/103825954/103820500/103821040/103823720/103824172/103813389/103817065/103819574/103812799/103824825/103813771/103819442/103812914/103827350/103818197/103826637/103827134/103819341/103820123/103816058/103826768","BP","infection_lipid"
"GO:0019752","carboxylic acid metabolic process",77,0.4322070548058356,1.5483219604420992,0.00928439037921936,0.18025578183431054,0.16932439791038978,2326,"tags=34%, list=21%, signal=27%","103813189/103820477/103821581/103816036/103815752/103825954/103820500/103821040/103823720/103824172/103813389/103817065/103819574/103812799/103824825/103813771/103819442/103812914/103827350/103818197/103826637/103827134/103819341/103820123/103816058/103826768","BP","infection_lipid"
"GO:0043436","oxoacid metabolic process",77,0.4322070548058356,1.5483219604420992,0.00928439037921936,0.18025578183431054,0.16932439791038978,2326,"tags=34%, list=21%, signal=27%","103813189/103820477/103821581/103816036/103815752/103825954/103820500/103821040/103823720/103824172/103813389/103817065/103819574/103812799/103824825/103813771/103819442/103812914/103827350/103818197/103826637/103827134/103819341/103820123/103816058/103826768","BP","infection_lipid"
"GO:0016054","organic acid catabolic process",17,0.6797893625227105,1.776308613308405,0.011781829883987611,0.18214091758840206,0.17109521199076308,1334,"tags=24%, list=12%, signal=21%","103813189/103825954/103817065/103812799","BP","infection_lipid"
"GO:0046395","carboxylic acid catabolic process",17,0.6797893625227105,1.776308613308405,0.011781829883987611,0.18214091758840206,0.17109521199076308,1334,"tags=24%, list=12%, signal=21%","103813189/103825954/103817065/103812799","BP","infection_lipid"
"GO:0043604","amide biosynthetic process",66,-0.46548955817732796,-1.586490793766215,0.011414458992729753,0.18214091758840206,0.17109521199076308,3131,"tags=52%, list=29%, signal=37%","103827119/103816684/103821337/103826763/103824232/103812407/103822697/103820009/103819445/103821499/103820195/103826729/103826008/103812360/103812957/103821868/103815291/103813272/103817571/103815355/103814742/103815368/103814085/103824808/103814016/103824076/103812989/103820545/103813219/103824530/103816764/103816293/103820125/103821875","BP","infection_lipid"
"GO:0019637","organophosphate metabolic process",72,0.4320077082130129,1.536596703329728,0.01195150377876654,0.18214091758840206,0.17109521199076308,2465,"tags=39%, list=23%, signal=30%","103826392/103815511/103813442/103824582/103822868/103818803/103817229/103815733/103819647/103821040/103818954/103819363/103817601/103814944/103820784/103813925/103820593/103814801/103819810/103816730/103816039/103824404/103826803/103812734/103821551/103813517/103813180/103816017","BP","infection_lipid"
"GO:1901575","organic substance catabolic process",115,0.3710083016702326,1.4193677409231369,0.011165470896914576,0.18214091758840206,0.17109521199076308,2533,"tags=28%, list=23%, signal=22%","103813189/103820525/103820477/103813931/103826392/103825159/103822868/103825954/103817065/103812698/103820464/103812799/103814801/103826536/103816730/103813393/103816039/103813937/103826899/103827382/103826787/103825990/103815856/103821551/103820123/103812919/103816058/103823160/103820061/103820776/103816017/103815796","BP","infection_lipid"
"GO:0002682","regulation of immune system process",13,0.6993601225958577,1.7299409043536722,0.01321126785670447,0.1935958866694001,0.18185550895868502,1023,"tags=38%, list=9%, signal=35%","103813055/103815911/103812980/103813313/103819051","BP","infection_lipid"
"GO:0048584","positive regulation of response to stimulus",22,0.6110325312723893,1.7012737554296535,0.015772963052053734,0.22257403417898047,0.20907631336055635,1034,"tags=32%, list=9%, signal=29%","103813055/103815911/103818774/103812980/103813313/103819051/103816650","BP","infection_lipid"
"GO:1903047","mitotic cell cycle process",17,-0.6663937376781096,-1.7215756294372937,0.017525520397983926,0.23847225970113844,0.2240104111020502,1573,"tags=47%, list=14%, signal=40%","103827125/103822175/103826902/103818673/103817392/103816298/103818045/103823182","BP","infection_lipid"
"GO:0009056","catabolic process",136,0.35215798246156527,1.384620243317973,0.020768734430159277,0.2728582006169201,0.25631106011811816,2696,"tags=28%, list=25%, signal=21%","103813189/103820525/103820477/103813931/103826392/103820159/103825159/103822868/103825954/103818085/103817065/103812698/103820464/103827077/103812799/103814801/103826536/103816730/103813393/103816039/103813937/103826899/103827382/103826787/103825990/103815856/103821551/103820123/103812919/103816058/103823160/103820061/103820776/103816017/103815796/103817737/103818008/103820368","BP","infection_lipid"
"GO:0043087","regulation of GTPase activity",12,0.6840856709065182,1.6453903171523985,0.022533112903784916,0.2743129149635369,0.2576775551529288,1782,"tags=42%, list=16%, signal=35%","103819792/103817647/103818014/103813645/103820390","BP","infection_lipid"
"GO:0006412","translation",58,-0.6914761235829178,-2.3119125392729547,1.6128994264192e-7,3.072573407328576e-5,2.9541526336520087e-5,2724,"tags=71%, list=25%, signal=53%","103820553/103821501/103826295/103816684/103820740/103821337/108961656/103812407/103826428/103813219/103819845/103813251/103816764/103822097/103820088/103819357/103815355/103819445/103817571/103812957/103814742/103817838/103821868/103812360/103818729/103813272/103824232/103812989/103824530/103827119/103824076/103824808/103820545/103815291/103817860/103814085/103814016/103816293/103820125/103826008/103815368","BP","pathogen_load"
"GO:0043043","peptide biosynthetic process",59,-0.6849972432559245,-2.3095745067541587,1.309956865995949e-7,3.072573407328576e-5,2.9541526336520087e-5,2801,"tags=71%, list=26%, signal=53%","103820009/103820553/103821501/103826295/103816684/103820740/103821337/108961656/103812407/103826428/103813219/103819845/103813251/103816764/103822097/103820088/103819357/103815355/103819445/103817571/103812957/103814742/103817838/103821868/103812360/103818729/103813272/103824232/103812989/103824530/103827119/103824076/103824808/103820545/103815291/103817860/103814085/103814016/103816293/103820125/103826008/103815368","BP","pathogen_load"
"GO:0043604","amide biosynthetic process",66,-0.6555397123454427,-2.2579965533084208,2.680501158931832e-7,3.404236471843426e-5,3.2730329940641316e-5,2801,"tags=70%, list=26%, signal=52%","103820009/103820553/103821501/103826729/103826295/103816684/103820740/103821337/108961656/103812407/103821040/103826428/103813219/103819845/103820027/103813251/103816764/103822097/103820088/103819357/103815355/103819445/103817571/103812957/103814742/103817838/103821868/103812360/103818729/103813272/103824232/103812989/103824530/103827119/103824076/103824808/103820545/103815291/103817860/103814085/103814016/103816293/103820125/103826008/103815368/103821875","BP","pathogen_load"
"GO:0006518","peptide metabolic process",64,-0.6524520292542085,-2.2349473309933607,9.678697100665917e-7,9.218958988384286e-5,8.863648923767734e-5,2801,"tags=67%, list=26%, signal=50%","103820009/103820553/103821501/103826295/103816684/103820740/103821337/108961656/103812407/103826428/103813219/103819845/103816976/103813251/103816764/103822097/103820088/103819357/103815355/103819445/103817571/103812957/103814742/103817838/103821868/103812360/103818729/103813272/103824232/103812989/103824530/103827119/103824076/103824808/103820545/103815291/103817860/103814085/103814016/103816293/103820125/103826008/103815368","BP","pathogen_load"
"GO:0043603","amide metabolic process",78,-0.5760396325262969,-2.0488781797748787,2.555098086140668e-5,0.0019469847416391892,0.001871945545214637,2724,"tags=60%, list=25%, signal=46%","103820553/103821501/103826729/103826295/103816684/103820740/103821337/108961656/103812407/103821040/103826428/103826968/103813219/103819845/103820027/103816976/103813251/103816764/103822097/103820088/103819357/103815355/103819445/103817571/103812957/103814742/103817838/103821868/103812360/103818729/103813272/103824232/103812989/103824530/103827119/103824076/103824808/103820545/103815291/103817860/103814085/103814016/103816293/103820125/103826008/103815368/103821875","BP","pathogen_load"
"GO:0044271","cellular nitrogen compound biosynthetic process",216,-0.38879631614795723,-1.5808735966710568,0.0012542341559286343,0.07964386890146828,0.07657429583564294,2724,"tags=38%, list=25%, signal=29%","103820553/103815045/103821501/103820375/103826729/103820039/103813295/103826295/103823805/103821142/103814888/103814256/103812249/103816684/103822682/103820740/103821337/103823755/108961656/103825680/103815930/103812407/103827425/103826622/103821040/103826428/103827221/103813219/103819870/103816713/103826112/103819845/103821320/103813928/103820027/103820481/103815500/103813251/103813196/103816764/103817229/103812392/103824386/103822097/103820088/103822550/103814977/103819357/103817744/103815355/103819445/103817571/103812957/103814742/103817838/103814125/103821868/103812360/103818729/103813272/103824232/103812989/103824530/103812307/103827119/103824076/103824808/103826803/103822868/103820545/103815291/103817860/103814085/103814016/103816293/103813198/103820125/103826008/103813248/103815368/103822353/103822983/103821875","BP","pathogen_load"
"GO:1901566","organonitrogen compound biosynthetic process",144,-0.4203585105952797,-1.6221633910832856,0.0025039111219625565,0.13009841646576029,0.1250842628265909,1436,"tags=29%, list=13%, signal=26%","103813251/108961776/103827214/103816764/103817229/103824386/103822097/103820088/103814977/103826610/103819357/103815355/103819445/103817571/103812957/103814742/103817838/103821868/103826730/103812360/103818729/103813272/103824232/103812989/103824530/103827119/103824076/103824808/103826803/103822868/103820545/103815291/103817860/103814085/103814016/103816293/103820125/103819045/103826008/103815368/103822983/103821875","BP","pathogen_load"
"GO:0010467","gene expression",317,-0.35189504677632133,-1.487678571382747,0.002731725280120951,0.13009841646576029,0.1250842628265909,3592,"tags=45%, list=33%, signal=31%","103821385/103822697/103819029/103815789/103821212/103813572/103822885/103821917/103821499/103823946/103812398/103827122/103812960/103821843/103819817/103815404/103814907/103813833/103820857/103823669/103816397/103821835/103814848/103821306/103818090/103820657/103823693/103821211/103813318/103817403/103820769/103814819/103822385/103819061/103817743/103820195/103813469/103817089/103827269/103818973/103819216/103820136/103814876/103816612/103814351/103814433/103820553/103815045/103821501/103820375/103812275/103820039/103813295/103826295/103823805/103821142/103814888/103818519/103814256/103820799/103812249/103816684/103821896/103822682/103817329/103815814/103820740/103821337/103814417/108961656/103825680/103815930/103812407/103827425/103826622/103817064/103826428/103812350/103827221/103812254/103821521/103813219/103813436/103821149/103826440/103820712/103816713/103815944/103826067/103826112/103822208/103819845/103821320/103816976/103813752/103813630/103815500/103813251/103813196/103816764/103812392/103820374/103822097/103820088/103822550/103812879/103814814/103819357/103817744/103815355/103818077/103819445/103817571/103812957/103814742/103817838/103814125/103821868/103812360/103818729/103813272/103824232/103812989/103824530/103827119/103813882/103824076/103824808/103820545/103815291/103817860/103814085/103814016/103816293/103813198/103820125/103818036/103826008/103822680/103813248/103815368/103822353/103823366","BP","pathogen_load"
"GO:0034641","cellular nitrogen compound metabolic process",418,-0.3236450685114584,-1.4014305797519644,0.004526001869716901,0.19160074581801548,0.18421621645163525,3097,"tags=38%, list=28%, signal=28%","103813318/103817403/103820769/103814819/103819061/103817743/103816069/103820195/103813469/103823715/103817089/103827269/103812717/103819838/103816341/103818973/103819216/103820136/103827103/103820009/103814876/103814351/103820553/103815045/103821501/103820375/103826729/103812275/103820039/103813295/103826295/103823805/103821142/103814888/103814256/103820799/103812249/103816684/103822682/103817329/103815814/103827354/103822685/103820116/103820740/103821337/103813211/103823755/103817150/103814417/108961656/103825680/103815930/103812407/103826913/103827425/103826622/103821040/103817064/103826428/103826968/103827221/103812254/103821521/103813219/103813564/103813436/103821149/103826440/103819361/103820498/103820712/103819870/103816713/103818754/103815944/103826112/103817010/103822208/103819845/103821320/103813928/103820027/103820481/103817745/103812567/103813752/103813630/103815500/103813251/103813196/103816764/103817229/103812392/103820374/103824386/103822097/103813870/103820088/103822550/103812879/103821105/103814977/103814814/103815817/103821581/103812780/103819357/103817744/103815355/103826209/103819445/103817571/103812957/103814742/103817838/103822175/103814125/103821868/103812360/103818729/103813272/103824232/103826483/103812989/103824530/103812307/103827119/103813882/103824076/103824808/103826803/103822868/103821002/103820545/103815291/103817760/103812840/103818530/103817860/103814085/103814016/103816293/103821151/103814296/103813198/103820125/103818036/103817148/103826008/103813248/103815368/103822353/103820419/103822983/103823366/103821875","BP","pathogen_load"
"GO:0006952","defense response",23,0.5852364560990914,1.7592450020603236,0.006240513823704188,0.23776357668312956,0.22859987480516394,2109,"tags=52%, list=19%, signal=42%","103822351/103816409/103812959/103819051/103812980/103824282/103815624/103813055/103820351/103820948/103823962/103815793","BP","pathogen_load"
"GO:0009607","response to biotic stimulus",12,0.6717242136679227,1.7172020910797923,0.01076615489398868,0.25636906341310545,0.24648828309921453,2109,"tags=67%, list=19%, signal=54%","103822351/103812959/103819051/103824282/103813055/103820351/103823962/103815793","BP","pathogen_load"
"GO:0043207","response to external biotic stimulus",12,0.6717242136679227,1.7172020910797923,0.01076615489398868,0.25636906341310545,0.24648828309921453,2109,"tags=67%, list=19%, signal=54%","103822351/103812959/103819051/103824282/103813055/103820351/103823962/103815793","BP","pathogen_load"
"GO:0044419","biological process involved in interspecies interaction between organisms",12,0.6717242136679227,1.7172020910797923,0.01076615489398868,0.25636906341310545,0.24648828309921453,2109,"tags=67%, list=19%, signal=54%","103822351/103812959/103819051/103824282/103813055/103820351/103823962/103815793","BP","pathogen_load"
"GO:0051707","response to other organism",12,0.6717242136679227,1.7172020910797923,0.01076615489398868,0.25636906341310545,0.24648828309921453,2109,"tags=67%, list=19%, signal=54%","103822351/103812959/103819051/103824282/103813055/103820351/103823962/103815793","BP","pathogen_load"
"GO:0098542","defense response to other organism",12,0.6717242136679227,1.7172020910797923,0.01076615489398868,0.25636906341310545,0.24648828309921453,2109,"tags=67%, list=19%, signal=54%","103822351/103812959/103819051/103824282/103813055/103820351/103823962/103815793","BP","pathogen_load"
"GO:0005975","carbohydrate metabolic process",44,0.45573676339433067,1.5930206690950781,0.009720552006927433,0.25636906341310545,0.24648828309921453,2087,"tags=36%, list=19%, signal=30%","103820784/103822944/103818071/103820477/103823519/103815068/103814574/103817140/103820123/103821217/103821326/103823189/103824825/103824722/103821348/103814768","BP","pathogen_load"
"GO:0042592","homeostatic process",12,-0.6961560313281713,-1.651131720522354,0.016986804282156664,0.3599983614891022,0.3461235800475413,2043,"tags=67%, list=19%, signal=54%","103814036/103818087/103823371/103824125/103823724/103826777/103812988/103815373","BP","pathogen_load"
"GO:0043547","positive regulation of GTPase activity",10,0.6694376531435677,1.605964898531838,0.017007796605784355,0.3599983614891022,0.3461235800475413,2919,"tags=70%, list=27%, signal=51%","103819792/103817647/103820390/103813598/103814575/103812909/103818014","BP","pathogen_load"
"GO:0051345","positive regulation of hydrolase activity",12,0.6459712311070289,1.6513669244961287,0.020492238627127506,0.3639202159328946,0.3498942813776691,2919,"tags=58%, list=27%, signal=43%","103819792/103817647/103820390/103813598/103814575/103812909/103818014","BP","pathogen_load"
"GO:0008610","lipid biosynthetic process",44,-0.4907539589951355,-1.5597995469122479,0.020094593642438707,0.3639202159328946,0.3498942813776691,1366,"tags=20%, list=13%, signal=18%","103823051/103821581/103826610/103822123/103822109/103816322/103822124/103821875/103822125","BP","pathogen_load"
"GO:0030154","cell differentiation",33,-0.5059534067111019,-1.507955598664915,0.02101376574940599,0.3639202159328946,0.3498942813776691,1155,"tags=24%, list=11%, signal=22%","103820115/103816974/103822161/103817397/103812988/103822953/103814762/103814621","BP","pathogen_load"
"GO:0048869","cellular developmental process",33,-0.5059534067111019,-1.507955598664915,0.02101376574940599,0.3639202159328946,0.3498942813776691,1155,"tags=24%, list=11%, signal=22%","103820115/103816974/103822161/103817397/103812988/103822953/103814762/103814621","BP","pathogen_load"
"GO:0048856","anatomical structure development",42,-0.4955353583561607,-1.5507129419543417,0.025236493238112532,0.40062933015503643,0.3851885810027703,1155,"tags=26%, list=11%, signal=24%","103820115/103816974/103822161/103817397/103821244/103812988/103827119/103822953/103824216/103814762/103814621","BP","pathogen_load"
"GO:0007049","cell cycle",75,-0.4299628100084886,-1.505298043594909,0.025017450773421726,0.40062933015503643,0.3851885810027703,2274,"tags=36%, list=21%, signal=29%","103819374/103823021/103823182/103818167/103825576/103815998/103824453/103815481/103818754/103826663/103827125/103817392/103816717/103812392/103826504/103821581/103814092/103821256/103815355/103826071/103816800/103822175/103812540/103814714/103814296/103818045/103818767","BP","pathogen_load"
"GO:0009059","macromolecule biosynthetic process",361,-0.3112186376421438,-1.3283170397691395,0.029491005221876365,0.4494429195813958,0.4321208344089674,3592,"tags=42%, list=33%, signal=29%","103821385/103822697/103819029/103815789/103821212/103813572/103822885/103821917/103821499/103823946/103812398/103827122/103812960/103821843/103819817/103815404/103814907/103813833/103820857/103823669/103816397/103821835/103814848/103821306/103818090/103820657/103823693/103821211/103813318/103817403/103820769/103814819/103822385/103819061/103817743/103820195/103813469/103815322/103817089/103827269/103818973/103814830/103819216/103820136/103814876/103816612/103814351/103814433/103820553/103815045/103821501/103820375/103812275/103820039/103813295/103826295/103823805/103820093/103821142/103814888/103818519/103814256/103820799/103812249/103816684/103821896/103822682/103817329/103815814/103820740/103821337/103814417/108961656/103825680/103815930/103812407/103827425/103826622/103817064/103826428/103812350/103827221/103812254/103821521/103813219/103813436/103821149/103826440/103820712/103816713/103815944/103826067/103826112/103822208/103819845/103821320/103816976/103813752/103813630/103815500/103813251/108961776/103813196/103827214/103816764/103812392/103820374/103822097/103820088/103822550/103812879/103814814/103826610/103819357/103817744/103815355/103818077/103819445/103817571/103812957/103814742/103817838/103814125/103821868/103812360/103818729/103813272/103824232/103812989/103824530/103812307/103827119/103813882/103824076/103824808/103820545/103815291/103817860/103814085/103814016/103816293/103813198/103820125/103818036/103819045/103826008/103822680/103813248/103815368/103822353/103823366","BP","pathogen_load"
"GO:0006954","inflammatory response",13,0.6147864755888526,1.6185297583800295,0.03135901336988134,0.4595301574586458,0.4418192976809193,1674,"tags=46%, list=15%, signal=39%","103816409/103819051/103812980/103815624/103813055/103820948","BP","pathogen_load"
"GO:1901605","alpha-amino acid metabolic process",14,0.5861619484480967,1.558787895480416,0.03629065520481224,0.496795404523945,0.47764829610259113,1095,"tags=43%, list=10%, signal=39%","103815752/103826599/103825954/103813771/103822691/103819060","BP","pathogen_load"
"GO:0044249","cellular biosynthetic process",442,-0.2953752210745264,-1.2781436033736104,0.036509898495198055,0.496795404523945,0.47764829610259113,3097,"tags=34%, list=28%, signal=26%","103813318/103817403/103820769/103814819/103822385/103819061/103817743/103817479/103820195/103813469/103814526/103815322/103817089/103827269/103819838/103818973/103814830/103819216/103820136/103826431/103820009/103814876/103816612/103814351/103814433/103820553/103815045/103821501/103820375/103826729/103812275/103820039/103813295/103826295/103823805/103820093/103821142/103814888/103818519/103814256/103820799/103812249/103816684/103825965/103821896/103822682/103817329/103815814/103826812/103820740/103821337/103816937/103823755/103814417/108961656/103825680/103815930/103812407/103827425/103826622/103821040/103814023/103817064/103826428/103812350/103827221/103812254/103821521/103813219/103813436/103821149/103826440/103820712/103819870/103816713/103815944/103826067/103826112/103822208/103819845/103821320/103813928/103820027/103820481/103816976/103813752/103813630/103815500/103813251/108961776/103813196/103827214/103816764/103817229/103812392/103820374/103824386/103822097/103820088/103822550/103812879/103814977/103814814/103821581/103826610/103819357/103817744/103815355/103822123/103818077/103819445/103817571/103812957/103814742/103817838/103814125/103821868/103826730/103812360/103818729/103813272/103824232/103812989/103824530/103812307/103827119/103813882/103824076/103824808/103826803/103822868/103820545/103815291/103817860/103814085/103814016/103816293/103813198/103820125/103818036/103819045/103826008/103822680/103813248/103815368/103822353/103822124/103822983/103823366/103821875/103822125","BP","pathogen_load"
"GO:0009058","biosynthetic process",464,-0.2887624542208119,-1.2570031801682167,0.038083538083538086,0.500338896890621,0.4810552178973232,3097,"tags=34%, list=28%, signal=26%","103813318/103817403/103820769/103814819/103822385/103819061/103817743/103817479/103820195/103813469/103814526/103815322/103817089/103827269/103819838/103818973/103814830/103819216/103820136/103826431/103825935/103820009/103814876/103816612/103814351/103814433/103820553/103815045/103821501/103820375/103826729/103812275/103820039/103813295/103826295/103823805/103820093/103821142/103814888/103821577/103818519/103814256/103820799/103812249/103816684/103825965/103821896/103822682/103817329/103815814/103826812/103820740/103821337/103814522/103816937/103823755/103814417/108961656/103825680/103815930/103812407/103827425/103826622/103821040/103814023/103817064/103826428/103812350/103827221/103812254/103821521/103813219/103813436/103821149/103826440/103820712/103819870/103816713/103815944/103826067/103826112/103822208/103819845/103821320/103813928/103820027/103820481/103816976/103813752/103813630/103815500/103813251/108961776/103813196/103827214/103816764/103823051/103817229/103812392/103820374/103824386/103822097/103820088/103822550/103812879/103814977/103814814/103821581/103826610/103814976/103819357/103817744/103815355/103822123/103822109/103818077/103819020/103819445/103817571/103812957/103814742/103817838/103814125/103821868/103826730/103812360/103818729/103813272/103824232/103812989/103824530/103812307/103827119/103813882/103824076/103824808/103826803/103822868/103816322/103820545/103815291/103817860/103814085/103814016/103816293/103813198/103820125/103818036/103819045/103826008/103822680/103813248/103815368/103822353/103822124/103822983/103823366/103821875/103822125","BP","pathogen_load"
"GO:1901576","organic substance biosynthetic process",456,-0.2927649725198432,-1.2726484866174541,0.04056351131848734,0.5151565937447892,0.4953018224152138,3097,"tags=34%, list=28%, signal=26%","103813318/103817403/103820769/103814819/103822385/103819061/103817743/103817479/103820195/103813469/103814526/103815322/103817089/103827269/103819838/103818973/103814830/103819216/103820136/103826431/103825935/103820009/103814876/103816612/103814351/103814433/103820553/103815045/103821501/103820375/103826729/103812275/103820039/103813295/103826295/103823805/103820093/103821142/103814888/103821577/103818519/103814256/103820799/103812249/103816684/103825965/103821896/103822682/103817329/103815814/103826812/103820740/103821337/103814522/103816937/103823755/103814417/108961656/103825680/103815930/103812407/103827425/103826622/103821040/103814023/103817064/103826428/103812350/103827221/103812254/103821521/103813219/103813436/103821149/103826440/103820712/103819870/103816713/103815944/103826067/103826112/103822208/103819845/103821320/103813928/103820027/103820481/103816976/103813752/103813630/103815500/103813251/108961776/103813196/103827214/103816764/103823051/103817229/103812392/103820374/103824386/103822097/103820088/103822550/103812879/103814977/103814814/103821581/103826610/103819357/103817744/103815355/103822123/103822109/103818077/103819445/103817571/103812957/103814742/103817838/103814125/103821868/103826730/103812360/103818729/103813272/103824232/103812989/103824530/103812307/103827119/103813882/103824076/103824808/103826803/103822868/103816322/103820545/103815291/103817860/103814085/103814016/103816293/103813198/103820125/103818036/103819045/103826008/103822680/103813248/103815368/103822353/103822124/103822983/103823366/103821875/103822125","BP","pathogen_load"
"GO:0030695","GTPase regulator activity",58,-0.574269667202891,-1.937462899995419,5.172190690779648e-4,0.176113093021047,0.176113093021047,997,"tags=22%, list=9%, signal=20%","103818014/103820390/103813293/103813645/103823066/103820815/103813794/103815110/103816804/103820572/103816556/103817531/103822814","MF","eye_score"
"GO:0060589","nucleoside-triphosphatase regulator activity",58,-0.574269667202891,-1.937462899995419,5.172190690779648e-4,0.176113093021047,0.176113093021047,997,"tags=22%, list=9%, signal=20%","103818014/103820390/103813293/103813645/103823066/103820815/103813794/103815110/103816804/103820572/103816556/103817531/103822814","MF","eye_score"
"GO:0005085","guanyl-nucleotide exchange factor activity",33,-0.655910061917163,-1.9434811005373578,8.916033384333182e-4,0.20239395782436323,0.20239395782436323,997,"tags=30%, list=9%, signal=28%","103818014/103813645/103823066/103820815/103813794/103815110/103816804/103820572/103817531/103822814","MF","eye_score"
"GO:0030246","carbohydrate binding",18,0.8199522766812769,1.75509050784566,0.0022238974647335414,0.3786185433708854,0.3786185433708854,828,"tags=33%, list=8%, signal=31%","103812787/103813444/103812786/103816299/103818456/103823724","MF","eye_score"
"GO:0009057","macromolecule catabolic process",55,-0.5130141308816566,-1.7026935546602444,0.004648131820201414,0.6043251025900815,0.6043251025900815,2377,"tags=47%, list=22%, signal=37%","103820061/103820051/103826296/103822523/103816397/103827382/103815335/103824987/103813393/103820740/103818683/103824055/103816392/103818594/103816334/103820867/103814361/103820776/103814940/103825990/103823620/103818114/103825159/103826536/103818584/103814417","BP","eye_score"
"GO:1903047","mitotic cell cycle process",16,0.8053262623263309,1.6992663082404902,0.005324450243084419,0.6043251025900815,0.6043251025900815,1060,"tags=50%, list=10%, signal=45%","103818045/103826902/103826663/103816298/103822175/103827125/103824427/103813917","BP","eye_score"
"GO:0030163","protein catabolic process",42,-0.5564200308750462,-1.7840559812727212,0.008414175629059278,0.8185790861984813,0.8185790861984812,2377,"tags=64%, list=22%, signal=50%","103826787/103815777/103819004/103816972/103824591/103820061/103820051/103826296/103822523/103827382/103815335/103824987/103813393/103820740/103818683/103816392/103818594/103816334/103820867/103814361/103820776/103814940/103823620/103818114/103825159/103826536/103818584","BP","eye_score"
"GO:0000278","mitotic cell cycle",19,0.7740485582735609,1.6516860922787995,0.009873107368902524,0.8404482647778273,0.8404482647778273,1302,"tags=47%, list=12%, signal=42%","103818045/103826902/103826663/103816298/103822175/103827125/103824427/103813917/103823021","BP","eye_score"
"GO:0051603","proteolysis involved in protein catabolic process",40,-0.5573622472427162,-1.7662894726998255,0.012798947731618233,0.9684537116924463,0.9684537116924462,2377,"tags=65%, list=22%, signal=51%","103826787/103815777/103819004/103816972/103824591/103820061/103820051/103826296/103822523/103827382/103824987/103813393/103820740/103818683/103816392/103818594/103816334/103820867/103814361/103820776/103814940/103823620/103818114/103825159/103826536/103818584","BP","eye_score"
"GO:0006511","ubiquitin-dependent protein catabolic process",36,-0.5572438573673437,-1.6908348039691783,0.019539654188616074,1,1,3071,"tags=67%, list=28%, signal=48%","103826787/103815777/103819004/103816972/103824591/103820051/103826296/103822523/103827382/103824987/103813393/103820740/103818683/103816392/103818594/103816334/103820867/103820776/103814940/103823620/103818114/103825159/103826536/103818584","BP","eye_score"
"GO:0019941","modification-dependent protein catabolic process",36,-0.5572438573673437,-1.6908348039691783,0.019539654188616074,1,1,3071,"tags=67%, list=28%, signal=48%","103826787/103815777/103819004/103816972/103824591/103820051/103826296/103822523/103827382/103824987/103813393/103820740/103818683/103816392/103818594/103816334/103820867/103820776/103814940/103823620/103818114/103825159/103826536/103818584","BP","eye_score"
"GO:0005911","cell-cell junction",12,0.8137139005429653,1.6284426095580546,0.02069967168736985,1,1,193,"tags=25%, list=2%, signal=25%","103812740/103815211/103818767","CC","eye_score"
"GO:0022402","cell cycle process",33,0.6924221606143149,1.6069763928017784,0.015584100911370363,1,1,829,"tags=33%, list=8%, signal=31%","103818045/103826902/103814714/103826663/103816113/103816298/103812325/103822175/103827125/103824427/103814296","BP","eye_score"
"GO:0043632","modification-dependent macromolecule catabolic process",37,-0.520269332567193,-1.5941537157876433,0.03219359905218296,1,1,2372,"tags=65%, list=22%, signal=51%","103826787/103815777/103819004/103816972/103824591/103820051/103826296/103822523/103827382/103824987/103813393/103820740/103818683/103816392/103818594/103816334/103820867/103820776/103814940/103823620/103818114/103825159/103826536/103818584","BP","eye_score"
"GO:0020037","heme binding",13,0.7727777425316422,1.58865131100418,0.04002014838832171,1,1,20,"tags=8%, list=0%, signal=8%","103814802","MF","eye_score"
"GO:0046906","tetrapyrrole binding",13,0.7727777425316422,1.58865131100418,0.04002014838832171,1,1,20,"tags=8%, list=0%, signal=8%","103814802","MF","eye_score"
"GO:0010498","proteasomal protein catabolic process",14,-0.6562781176155588,-1.5842309072586245,0.04513150955410605,1,1,2868,"tags=79%, list=26%, signal=58%","103816972/103824591/103820061/103820051/103820740/103818683/103818594/103814361/103820776/103823620/103826536","BP","eye_score"
"GO:0048285","organelle fission",11,0.8023315869158063,1.5729251906733275,0.02588311289839326,1,1,824,"tags=36%, list=8%, signal=34%","103826902/103816064/103827125/103824427","BP","eye_score"
"GO:0051301","cell division",38,0.6642461178184305,1.5623689997560597,0.028307101970847758,1,1,1319,"tags=37%, list=12%, signal=32%","103818045/103826902/103818767/103814714/103826663/103816298/103812325/103827125/103824427/103817409/103816717/103813917/103823021/103815355","BP","eye_score"
"GO:0070161","anchoring junction",21,0.71524604008474435,1.541086291681737,0.04257803860486263,1,1,457,"tags=19%, list=4%, signal=18%","103812740/103815211/103818767/103816661","CC","eye_score"
"GO:0043161","proteasome-mediated ubiquitin-dependent protein catabolic process",11,-0.6638549584974468,-1.5307507483150589,0.0499657076167524,1,1,2868,"tags=82%, list=26%, signal=60%","103816972/103824591/103820051/103820740/103818683/103818594/103820776/103823620/103826536","BP","eye_score"
"GO:0005681","spliceosomal complex",21,-0.555568590325964,-1.5250157330990741,0.10152514445983928,1,1,2591,"tags=52%, list=24%, signal=40%","103819779/103818115/103822143/103823517/103825576/103827269/103814848/103821153/103826501/103817240/103813559","CC","eye_score"
"GO:0046903","secretion",11,0.7735151055975773,1.5164321270682346,0.041916167664670656,1,1,252,"tags=18%, list=2%, signal=18%","103826411/103822932","BP","eye_score"
"GO:0030054","cell junction",40,0.6314980396076116,1.4964001294161595,0.03132832080200501,1,1,1215,"tags=25%, list=11%, signal=22%","103812740/103815211/103818767/103822932/103820151/103816661/103824216/103824092/103822581/103814168","CC","eye_score"
"GO:0008380","RNA splicing",44,-0.46351411549919636,-1.4947255929428471,0.04675260569284774,1,1,2943,"tags=52%, list=27%, signal=38%","103821944/103824704/103821385/103813318/103822156/103819779/103824886/103818115/103822143/103823517/103827269/103824405/103818703/103814848/103821843/103815035/103820136/103825967/103821153/103820563/103826501/103817240/103813559","BP","eye_score"
"GO:0007049","cell cycle",71,0.5874192037712577,1.4905300381848936,0.02687851490366527,1,1,1377,"tags=27%, list=13%, signal=24%","103818045/103826902/103818767/103814714/103826663/103816113/103816298/103812325/103822175/103827125/103814092/103824427/103814296/103817409/103816717/103813917/103823021/103815355/103826504","BP","eye_score"
"GO:0005777","peroxisome",10,0.7643561824604784,1.4764101883893506,0.0783132530120482,1,1,910,"tags=40%, list=8%, signal=37%","103816064/103819550/103822851/103823998","CC","eye_score"
"GO:0042579","microbody",10,0.7643561824604784,1.4764101883893506,0.0783132530120482,1,1,910,"tags=40%, list=8%, signal=37%","103816064/103819550/103822851/103823998","CC","eye_score"
"GO:0008186","ATP-dependent activity, acting on RNA",14,-0.6074634591547153,-1.4663941417392792,0.08666666666666667,1,1,3658,"tags=71%, list=34%, signal=47%","103818812/103821332/103817366/103819779/103815326/103813329/103826455/103820665/103817259/103815775","MF","eye_score"
"GO:0003724","RNA helicase activity",13,-0.6158272076743252,-1.4634349726972031,0.09446254071661238,1,1,3658,"tags=77%, list=34%, signal=51%","103818812/103821332/103817366/103819779/103815326/103813329/103826455/103820665/103817259/103815775","MF","eye_score"
