"ID","Description","setSize","enrichmentScore","NES","pvalue","p.adjust","qvalue","rank","leading_edge","core_enrichment","comparison"
"scan03010","Ribosome - Serinus canaria (common canary)",109,-0.717072875168938,-2.864869023876089,1e-10,1.57e-8,1.4210526315789477e-8,1975,"tags=69%, list=18%, signal=57%","103820088/103817750/103815291/103826008/103826752/103817860/103823064/103822260/103818922/103823818/103813272/103821578/103820760/103819445/103824817/103817308/115484503/103817571/103821953/103826235/103812360/103820795/108962664/103820308/103820636/103824076/103812930/103827329/103822778/103812957/103824232/103812989/103821795/103814742/115485322/103821868/103816531/103812879/103824808/103819178/103818398/103820931/103820396/103826794/103814342/103814016/103818138/103815368/103823504/103816984/103815140/103827028/103819825/103816211/103818972/103824401/103821019/103816764/103820545/103821652/103823298/103816243/103817700/103824835/103824093/103819251/103813425/103815165/103824530/103815776/103824141/103815935/103816293/103820125/103818043","infection_all"
"scan04672","Intestinal immune network for IgA production - Serinus canaria (common canary)",18,0.7603813163888818,2.018568062833921,1.9776193634772653e-4,0.011333062931332199,0.010257884651222574,948,"tags=56%, list=9%, signal=51%","103821712/103813616/103817606/103823355/103818815/103822525/103827138/103812309/103814710/103818417","infection_all"
"scan04622","RIG-I-like receptor signaling pathway - Serinus canaria (common canary)",40,0.6051620687681232,1.8982405643071925,2.418372426509307e-4,0.011333062931332199,0.010257884651222574,2476,"tags=45%, list=23%, signal=35%","103821730/103819976/103817379/103821258/103818641/103814509/103816650/103826549/103823962/103822391/103824089/103821035/103814507/103812941/103814384/103813947/103826414/103814392","infection_all"
"scan04620","Toll-like receptor signaling pathway - Serinus canaria (common canary)",65,0.5285489289663081,1.8260460949643453,2.88740456849228e-4,0.011333062931332199,0.010257884651222574,1629,"tags=29%, list=15%, signal=25%","103823970/103826207/103812752/103813055/103815911/103815912/103824755/103818815/103819051/103822497/103827138/115483831/103818417/103814539/103826229/103826549/103822391/103824089/103826521","infection_all"
"scan04060","Cytokine-cytokine receptor interaction - Serinus canaria (common canary)",101,0.4616918287949513,1.7196131872656593,7.269136772250922e-4,0.022825089464867894,0.020659651879028938,1755,"tags=42%, list=16%, signal=35%","103823970/103821712/103813616/108963451/103821001/103821099/103817183/103822640/103820948/103817606/103812980/103812320/103818815/103822011/103822284/103822525/103812628/103814184/103812440/103818753/103824053/103812309/103815299/103817300/103813169/103813225/103821034/103815624/103812987/103825260/103819165/103812364/103816543/103812985/103819385/103819311/103812321/103812363/103812645/103812366/103819164/103823016","infection_all"
"scan05164","Influenza A - Serinus canaria (common canary)",93,0.45451082916443886,1.6740671906997115,0.0011105619698732916,0.029059704878351134,0.026302783496999015,1536,"tags=23%, list=14%, signal=20%","103820351/103815742/103819976/103817379/103826207/103813055/103817583/103823354/103815911/103821258/103815912/103819051/103814184/103812440/103816650/103814539/103826549/103823962/103822391/103824089/103817801","infection_all"
"scan03050","Proteasome - Serinus canaria (common canary)",34,-0.5648947979154542,-1.8113511983985249,0.001904125032637279,0.04270680430343611,0.038655169835493636,2626,"tags=47%, list=24%, signal=36%","103827055/103818683/103821715/103816914/103815366/103822431/103817076/103821623/103827339/103818924/103825262/103826700/103819256/103823167/103818732/103824736","infection_all"
"scan04142","Lysosome - Serinus canaria (common canary)",109,0.42321238099538305,1.5960583932696781,0.003086295633222315,0.06056855180198793,0.05482235664276481,2364,"tags=36%, list=22%, signal=28%","103824300/103819936/103813937/103826466/103817725/103817489/103813931/103818651/103820271/103826204/103827207/103812503/103820152/103819543/103823430/103819935/103814925/103818696/103824795/103826212/103813171/103823562/103821268/103827066/103821276/103816190/103816275/103826899/103816813/103820629/103823730/103819481/103815824/103813476/103826250/103814662/103819201/103821694/103815599","infection_all"
"scan04148","Efferocytosis - Serinus canaria (common canary)",109,0.41006448464718986,1.5464738081707785,0.005164143410486711,0.09008561282737929,0.08153910648136914,3115,"tags=44%, list=29%, signal=32%","103813937/103813932/103814582/103816073/103826835/103822392/103819334/103813931/103826599/103812660/103818852/103824164/103826657/103818895/103820424/103814308/103812509/103815253/108962468/103813832/103818170/103826360/103813818/103818395/103815319/103827163/103818426/103816813/103814094/103821200/103826860/103821112/103820058/103825669/103817017/103820519/103821681/103814492/103813604/103814761/103820104/103823400/103818074/103812923/103822044/103818137/103819669/103822082","infection_all"
"scan00190","Oxidative phosphorylation - Serinus canaria (common canary)",82,-0.4128789073921426,-1.5560726261492994,0.007942586049804856,0.12469860098193623,0.11286832807617428,3118,"tags=60%, list=29%, signal=43%","103826594/103815311/103823755/103821968/103820977/103818329/103822534/103817783/103824915/103819557/103814964/103813689/103819838/103814510/103813894/103824421/108963315/103824104/103812255/103817677/103815557/103825440/103813310/103819907/115485390/103814992/103818939/103819167/103821880/103817799/103826261/103819613/103817572/103827120/103816343/103813968/103822053/103821723/103822174/103823494/103822294/103817388/103816871/103816398/103817222/103814773/103826690/103819753/103823717","infection_all"
"scan04512","ECM-receptor interaction - Serinus canaria (common canary)",37,-0.5141040421757684,-1.6650969420307993,0.017210135084131523,0.20515901696069722,0.18569538913640046,1349,"tags=35%, list=12%, signal=31%","103826299/103820000/103824527/103818867/103823330/103824015/103823465/103821089/115483849/103813718/103818618/103824037/103818870","infection_all"
"scan00670","One carbon pool by folate - Serinus canaria (common canary)",13,0.6752612616689204,1.6625523440824994,0.01829443463343797,0.20515901696069722,0.18569538913640046,2491,"tags=54%, list=23%, signal=42%","103813189/103817124/103824404/103816061/103823058/103818571/103814578","infection_all"
"scan00120","Primary bile acid biosynthesis - Serinus canaria (common canary)",10,0.7253986064000394,1.6572183575654287,0.017936269245014746,0.20515901696069722,0.18569538913640046,955,"tags=40%, list=9%, signal=37%","103812691/103813932/103819697/103817065","infection_all"
"scan04514","Cell adhesion molecules - Serinus canaria (common canary)",54,0.44536121856011723,1.4920428457350137,0.017905191343364824,0.20515901696069722,0.18569538913640046,948,"tags=26%, list=9%, signal=24%","103821713/103825000/103823054/103814957/103823841/103823044/103823843/115483987/103818815/103825978/103827138/103814710/103820720/103818417","infection_all"
"scan00220","Arginine biosynthesis - Serinus canaria (common canary)",13,0.6654658462969945,1.6384351738666223,0.023714920052469356,0.20684680267987157,0.18722305304581072,877,"tags=31%, list=8%, signal=28%","103819001/103820272/103826599/103824593","infection_all"
"scan01230","Biosynthesis of amino acids - Serinus canaria (common canary)",46,0.4746744218461141,1.5343004199519468,0.020065983753735472,0.20684680267987157,0.18722305304581072,1882,"tags=39%, list=17%, signal=33%","103819001/103820272/103815752/103820089/103826599/103819925/103815943/103815490/103820786/103820500/103816991/103814023/103815236/103821209/103827158/103812734/103819913/103820123","infection_all"
"scan04540","Gap junction - Serinus canaria (common canary)",54,-0.4337667697096992,-1.5156247309590287,0.022372871761161654,0.20684680267987157,0.18722305304581072,1098,"tags=20%, list=10%, signal=18%","103818740/103815972/103824735/103815438/103814372/103819309/103824084/103816769/103815242/103826578/103824092","infection_all"
"scan03082","ATP-dependent chromatin remodeling - Serinus canaria (common canary)",82,-0.38670103668894107,-1.4574125413573222,0.022917899608558764,0.20684680267987157,0.18722305304581072,2860,"tags=34%, list=26%, signal=25%","103819075/103820220/103819774/103816526/103814256/103822638/103818490/103814826/103814713/103821677/103818605/103825308/103827154/103818158/103827221/103814968/103814238/103815831/103817653/115485577/115485216/103817144/103813338/103813361/103813355/103825220/103818731/103813343","infection_all"
"scan00565","Ether lipid metabolism - Serinus canaria (common canary)",26,0.5367131252454984,1.552658085225158,0.02921187170048876,0.22931319284883678,0.2075580357666307,1991,"tags=42%, list=18%, signal=35%","103820165/103825703/103826384/103826002/103816810/103822975/103819647/103825973/103818205/103815551/103814801","infection_all"
"scan04530","Tight junction - Serinus canaria (common canary)",108,-0.3534991920344303,-1.410392608746054,0.027768078527896565,0.22931319284883678,0.2075580357666307,1245,"tags=17%, list=11%, signal=15%","103824213/103824624/103817866/103815972/103823753/103818767/103817597/103819441/103817704/103821628/103814372/103820807/103823645/103815242/103824738/103820599/103815402/103815985","infection_all"
"scan01250","Biosynthesis of nucleotide sugars - Serinus canaria (common canary)",33,0.48603762250584326,1.4703756803398425,0.03683628267601397,0.2753950657206759,0.2492680782587412,2174,"tags=42%, list=20%, signal=34%","103820680/103821718/103826316/103816023/103817507/103815221/103819551/103824722/103821217/103824825/103822727/103821348/103823189/103816951","infection_all"
"scan00250","Alanine, aspartate and glutamate metabolism - Serinus canaria (common canary)",22,0.5354692138679504,1.4904381475804054,0.04504504504504504,0.3214578214578215,0.2909608172766068,3219,"tags=64%, list=29%, signal=45%","103819001/103820272/103824938/103824593/103817737/103820986/103826193/103822727/103819060/103819428/103817285/103827201/103814164/103814219","infection_all"
"scan00100","Steroid biosynthesis - Serinus canaria (common canary)",15,0.598442136379604,1.5113688168181008,0.055350553505535055,0.357211009174312,0.3233220666344761,2246,"tags=53%, list=21%, signal=42%","103813937/103814750/103813931/103822109/103814788/103815202/103814522/103816322","infection_all"
"scan00520","Amino sugar and nucleotide sugar metabolism - Serinus canaria (common canary)",42,0.4600029699523561,1.4665003479148295,0.05377138085483041,0.357211009174312,0.3233220666344761,2174,"tags=40%, list=20%, signal=33%","103820680/103821718/103826316/103816023/103817507/103815221/103822106/103819551/103824722/103821217/103819581/103824825/103822727/103821348/103819481/103823189/103816951","infection_all"
"scan00030","Pentose phosphate pathway - Serinus canaria (common canary)",21,0.5311794259204586,1.4554777795699392,0.05688073394495413,0.357211009174312,0.3233220666344761,1882,"tags=43%, list=17%, signal=36%","103822944/103824897/103820784/103815490/103820527/103824722/103816991/103812734/103820123","infection_all"
"scan00561","Glycerolipid metabolism - Serinus canaria (common canary)",42,0.42713642011270836,1.3617210096866532,0.06761565836298933,0.4082945524226663,0.36955926635641945,2211,"tags=38%, list=20%, signal=30%","103819430/103815903/103820625/103818954/103821480/103826085/103813825/103825293/103819799/103815508/103817373/103823769/103817024/103820475/103819680/103820474","infection_all"
"scan01200","Carbon metabolism - Serinus canaria (common canary)",79,0.36541118069773565,1.3231516330215314,0.07718120805369127,0.4487944320159085,0.406216884493112,1447,"tags=24%, list=13%, signal=21%","103822944/103824897/103823837/103820089/103817082/103819530/103820784/103817507/103815943/103815490/103820786/103817124/103816991/103812620/103824891/103821209/103816150/103827158/103812734","infection_all"
"scan03440","Homologous recombination - Serinus canaria (common canary)",33,0.4456759887958658,1.3482724482485404,0.0852994555353902,0.46179360410538833,0.4179828129683367,2185,"tags=27%, list=20%, signal=22%","103821581/103827353/103820332/103827295/103827024/103820083/103815179/103817798/103822569","infection_all"
"scan04210","Apoptosis - Serinus canaria (common canary)",103,0.34522813874523733,1.2880105400992552,0.08403361344537816,0.46179360410538833,0.4179828129683367,3065,"tags=45%, list=28%, signal=32%","103826003/103823354/103819783/103827295/103818465/103814184/103812503/103812440/103814509/103814508/103813225/103824795/103816060/103821869/103816650/103813818/103822915/103826549/103826521/103823703/103816275/103824288/103819332/103814507/103823471/103819293/103819217/103819114/103812888/103826388/103825669/103813947/103820781/103824612/103824613/103819595/103827175/103817621/103818074/103819592/103819275/103817751/103826026/103817882/103815595/103821648","infection_all"
"scan00500","Starch and sucrose metabolism - Serinus canaria (common canary)",23,0.49669203368442094,1.3836218939349407,0.09357798165137615,0.47392719739567923,0.4289652809146276,1725,"tags=39%, list=16%, signal=33%","103826310/103822644/103820607/103817507/103819935/103824722/103825224/103818412/103821348","infection_all"
"scan04622","RIG-I-like receptor signaling pathway - Serinus canaria (common canary)",40,0.6358490218420542,1.967204909872645,2.777586740907133e-4,0.014536037277413996,0.013449367377024013,1526,"tags=32%, list=14%, signal=28%","103817379/103819976/103821730/103821258/103818641/103814509/103823962/103814392/103826414/103814507/103819084/103826026/103812941","diet_uninf"
"scan04512","ECM-receptor interaction - Serinus canaria (common canary)",37,-0.6579422728291084,-1.9427188622616733,2.2913788396761146e-4,0.014536037277413996,0.013449367377024013,1994,"tags=59%, list=18%, signal=49%","103815393/103821681/103814560/103816954/103821768/103821865/103815114/103826259/103818867/103814579/103824037/103813718/103817186/103820959/115483849/103816521/103824015/103821089/103818618/103823465/103820000/103818870","diet_uninf"
"scan05164","Influenza A - Serinus canaria (common canary)",93,0.5165484392377824,1.8381452851397804,2.628164239794855e-4,0.014536037277413996,0.013449367377024013,1520,"tags=23%, list=14%, signal=20%","103815742/103817379/103820351/103819976/103821258/103813055/103817583/103814184/103815595/103823962/103823354/103814539/103814392/103826414/103814507/103819765/103812888/103825669/103815911/103825605/103826026","diet_uninf"
"scan03010","Ribosome - Serinus canaria (common canary)",109,-0.4731227005049025,-1.6924158306618104,9.798600836826731e-4,0.03845950828454492,0.03558439251268655,3162,"tags=57%, list=29%, signal=41%","103817700/103812360/103815935/103813425/103817308/103820760/103818398/103821561/103814342/103822778/103819251/103816501/103818922/103816243/103818729/103821652/103823818/103824141/103823298/103814742/103820308/103821953/103812957/103815140/103812879/103820125/103817571/103818138/103826235/103819445/103814016/103819178/103820931/103820636/103824076/103819825/103812989/103816211/103826008/108963517/103820396/103815165/103823504/103818972/103824808/103824401/103821578/103819127/103817750/103812930/103816293/115484503/103826794/103821019/103815776/103824093/103815291/103821795/103821299/103823064/103813272/103818043","diet_uninf"
"scan03030","DNA replication - Serinus canaria (common canary)",27,0.6253809638787207,1.7579812858063526,0.006528375482205855,0.10742896590863593,0.09939790342200308,1553,"tags=44%, list=14%, signal=38%","103823254/103821157/103815325/103817027/103822569/103824798/103826822/103825187/103816121/108963061/103827391/103814276","diet_uninf"
"scan04672","Intestinal immune network for IgA production - Serinus canaria (common canary)",18,0.684377405110818,1.7541867318288342,0.006842609293543691,0.10742896590863593,0.09939790342200308,1253,"tags=39%, list=11%, signal=34%","103821712/103813616/103827138/103815892/103822525/103818815/103817606","diet_uninf"
"scan00280","Valine, leucine and isoleucine degradation - Serinus canaria (common canary)",40,0.5497728276087679,1.700900321672879,0.00391275136764168,0.10742896590863593,0.09939790342200308,1272,"tags=32%, list=12%, signal=29%","103823648/103814515/103818197/103815321/103820500/103821285/103821261/103812905/103813777/103824695/103815968/103812620/103824692","diet_uninf"
"scan04912","GnRH signaling pathway - Serinus canaria (common canary)",57,-0.5148612311624142,-1.6703091383018152,0.004904665354192226,0.10742896590863593,0.09939790342200308,2459,"tags=35%, list=23%, signal=27%","103817610/103819847/103817449/103824084/103814336/103817284/103817765/103824610/103821627/103822432/103819309/103826646/103822722/103823281/103826648/103823305/103824735/103822470/103817304/103817544","diet_uninf"
"scan04916","Melanogenesis - Serinus canaria (common canary)",54,-0.5067163374404312,-1.6299579290649577,0.006330500241267377,0.10742896590863593,0.09939790342200308,1827,"tags=28%, list=17%, signal=23%","103817763/103817765/103824610/103813289/103819309/103820459/103824532/103822722/103824735/103820790/103822470/103817304/103816655/103812739/103826188","diet_uninf"
"scan04020","Calcium signaling pathway - Serinus canaria (common canary)",109,-0.4364539096290945,-1.5612472308393597,0.0057480226447889134,0.10742896590863593,0.09939790342200308,1808,"tags=28%, list=17%, signal=23%","103820093/103816566/103817765/103813271/103818244/103817508/103813872/103816639/103822432/103813567/103819309/103823777/103817131/103822722/103816532/103816498/103816295/103817524/103823305/103826117/103824735/103821775/103822470/103817304/103820151/103826392/103818839/103817397/108963590/103824820","diet_uninf"
"scan00670","One carbon pool by folate - Serinus canaria (common canary)",13,0.6871020416677102,1.6248055509858246,0.01092028476454055,0.15586224618480604,0.14421045909154026,1988,"tags=54%, list=18%, signal=44%","103813189/103826371/103814578/103816061/103824404/103820617/103824667","diet_uninf"
"scan04115","p53 signaling pathway - Serinus canaria (common canary)",55,0.4982131916521212,1.6090044337488423,0.013150385330254977,0.1720508747375026,0.15918887505045498,2047,"tags=36%, list=19%, signal=30%","103827295/103814184/103822217/103818704/103826713/103817234/103816949/103826693/103813925/103824078/103814507/103813713/103812888/103825669/103815650/103813452/103826389/103816602/103818108/103823403","diet_uninf"
"scan00592","alpha-Linolenic acid metabolism - Serinus canaria (common canary)",12,-0.7372478656206688,-1.687744248706534,0.014812757221538339,0.17889252952165532,0.16551906854836362,1785,"tags=58%, list=16%, signal=49%","103813604/103826646/103823998/103823709/103826648/103822123/103824355","diet_uninf"
"scan00600","Sphingolipid metabolism - Serinus canaria (common canary)",41,-0.5250605250296076,-1.5878969915941488,0.018665367297883435,0.2004930697242205,0.18550481811560465,1771,"tags=34%, list=16%, signal=29%","103823955/103817489/103821938/103827212/103824263/103823751/103815515/103816148/103827214/103824479/103819515/103814224/103815551/103821875","diet_uninf"
"scan04820","Cytoskeleton in muscle cells - Serinus canaria (common canary)",95,-0.4071337905264199,-1.420175652160287,0.019155388827154826,0.2004930697242205,0.18550481811560465,1929,"tags=32%, list=18%, signal=26%","103823973/103821681/103813889/103814560/103816954/103821768/103815845/103819048/103822425/103823197/103818867/103814579/103826748/103823054/103824037/103823660/103812826/103820619/103820959/103822327/103814374/103814553/103827161/103814250/103816521/103821089/103826982/103818618/103816018/103820000","diet_uninf"
"scan00590","Arachidonic acid metabolism - Serinus canaria (common canary)",28,-0.569763805132298,-1.6208979189035897,0.022963627701977157,0.22533059682565085,0.20848556729426632,1785,"tags=43%, list=16%, signal=36%","103813604/103818937/103813960/103826646/103823709/103826041/103826648/103817479/103814802/103824640/103819086/103824355","diet_uninf"
"scan01250","Biosynthesis of nucleotide sugars - Serinus canaria (common canary)",33,0.5274405053840345,1.5680333214153328,0.0286982359882537,0.2650366500091665,0.2452233168036539,1123,"tags=30%, list=10%, signal=27%","103820680/103821718/103817507/103821219/103816023/103817285/103826316/103815221/103822727/103817736","diet_uninf"
"scan00260","Glycine, serine and threonine metabolism - Serinus canaria (common canary)",22,0.590447518097246,1.5974761226363545,0.03599413731058229,0.31394886432007885,0.29047900285733075,111,"tags=9%, list=1%, signal=9%","103824444/103820477","diet_uninf"
"scan03440","Homologous recombination - Serinus canaria (common canary)",33,0.5051684350125202,1.501820453569672,0.04192055363495356,0.3463961537204058,0.3205006316688971,1076,"tags=21%, list=10%, signal=19%","103827295/103820332/103815179/103813415/103822569/103826604/103827353","diet_uninf"
"scan04141","Protein processing in endoplasmic reticulum - Serinus canaria (common canary)",133,0.3470197600215002,1.3014882650018271,0.052337828877436335,0.4108519566878752,0.38013791500453764,3256,"tags=38%, list=30%, signal=27%","103820852/103820853/103815754/103815688/103827351/103819783/103826421/103823354/103824125/103818465/103827137/103813967/103823701/103821428/103815261/103819368/108962580/103820566/103813181/103819084/103819275/103820061/103818235/103821835/103826837/103821560/103819222/103812776/103819215/103815593/103818314/103818700/103822064/103817018/103813947/103824718/103823612/103815522/103819916/103821830/103817370/103826471/103812945/103813275/103813992/103820776/103820873/103818078/108964924/103823712/103818612","diet_uninf"
"scan00860","Porphyrin metabolism - Serinus canaria (common canary)",19,-0.5758596912970686,-1.4898747394016203,0.05523809523809524,0.41297052154195013,0.38209810239885433,2321,"tags=47%, list=21%, signal=37%","103813894/103813211/103822126/103819440/103819361/103814977/103820271/103816422/103817760","diet_uninf"
"scan03430","Mismatch repair - Serinus canaria (common canary)",18,0.592404268812219,1.5184424565578487,0.06889352818371608,0.4916492693110648,0.45489506647621153,1752,"tags=56%, list=16%, signal=47%","103815325/103822569/103818530/103824798/103825187/103821120/103819297/103823071/103819208/103817661","diet_uninf"
"scan05168","Herpes simplex virus 1 infection - Serinus canaria (common canary)",114,0.3482755194752787,1.284058852995097,0.07608695652173914,0.5193761814744802,0.48054919908466825,1588,"tags=20%, list=15%, signal=17%","103821258/103813055/103817583/103814184/103821327/103822998/103826953/103823354/103814539/103814392/103824969/103826414/103814507/103817306/103825194/103812888/103819084/103825669/103825104/108963687/103824644/103826026/103824727","diet_uninf"
"scan00520","Amino sugar and nucleotide sugar metabolism - Serinus canaria (common canary)",42,0.4550000071032989,1.427745552459771,0.08108108108108109,0.5304054054054055,0.4907539118065434,1123,"tags=26%, list=10%, signal=24%","103820680/103821718/103817507/103821219/103816023/103822106/103817285/103826316/103815221/103822727/103817736","diet_uninf"
"scan00062","Fatty acid elongation - Serinus canaria (common canary)",20,0.5391829913999471,1.4146398770267632,0.09336099585062241,0.5863070539419087,0.5424765232583534,1569,"tags=30%, list=14%, signal=26%","103825997/103826634/103824695/103826968/103824692/103816239","diet_uninf"
"scan04620","Toll-like receptor signaling pathway - Serinus canaria (common canary)",65,0.38450068087350886,1.2759747183404224,0.10675381263616558,0.6446287916876152,0.5964383054166337,1520,"tags=18%, list=14%, signal=16%","103812752/103813055/103827138/103823970/103814539/103818815/103820034/103826414/103814507/115483831/103815911/103826026","diet_uninf"
"scan04270","Vascular smooth muscle contraction - Serinus canaria (common canary)",67,-0.38876670014473674,-1.291463915236301,0.11173184357541899,0.6496999793089179,0.6011303864876344,1785,"tags=24%, list=16%, signal=20%","103813604/103817765/103818244/103824610/103822432/103819309/103826646/103823660/103823709/103826648/103823305/103824735/103821775/103822470/103818839/103824355","diet_uninf"
"scan00531","Glycosaminoglycan degradation - Serinus canaria (common canary)",17,-0.5267393122615635,-1.329875670887695,0.12355212355212356,0.667106227106227,0.6172353961827647,2026,"tags=47%, list=19%, signal=38%","103816759/103817140/103816969/103819543/103820271/103816148/103814162/103816359","diet_uninf"
"scan04216","Ferroptosis - Serinus canaria (common canary)",30,0.4567786416469523,1.3145390031688449,0.12747252747252746,0.667106227106227,0.6172353961827647,357,"tags=7%, list=3%, signal=6%","103826266/103819604","diet_uninf"
"scan04810","Regulation of actin cytoskeleton - Serinus canaria (common canary)",145,-0.32599952350246747,-1.2238750947993136,0.12637362637362637,0.667106227106227,0.6172353961827647,1933,"tags=21%, list=18%, signal=18%","103822693/103821681/103814989/103814560/103821768/103826553/103813271/103817508/103819286/103813872/103817616/103823197/103814579/103823777/103812848/103823660/103818130/103823594/103826117/103824821/103815532/103826681/103821775/103821089/103814478/103826687/103822055/103818839/103817397/103816661/103820000","diet_uninf"
"scan04622","RIG-I-like receptor signaling pathway - Serinus canaria (common canary)",40,-0.6188294054734886,-2.0708174154430115,2.59493931932306e-4,0.04074054731337204,0.03906066554349448,1040,"tags=28%, list=10%, signal=25%","103812941/103814392/103821471/103814507/103823962/103814509/103818641/103821258/103821730/103819976/103817379","interaction_diet:infection"
"scan04512","ECM-receptor interaction - Serinus canaria (common canary)",37,0.6377706656303345,1.8699992445190172,6.056007741264389e-4,0.047539660768925456,0.045579426684253035,1159,"tags=35%, list=11%, signal=32%","103818870/103826259/103823465/103824037/103820000/115483849/103824015/103818867/103818618/103817186/103817461/103816521/103816954","interaction_diet:infection"
"scan03060","Protein export - Serinus canaria (common canary)",23,-0.6164941456413167,-1.7845985166542642,0.006670075500496425,0.20944037071558774,0.20080437822547129,2323,"tags=52%, list=21%, signal=41%","103822094/103817022/103826243/103815593/103824383/103819349/103816976/103826591/103818384/103824191/108962580/103815688","interaction_diet:infection"
"scan05164","Influenza A - Serinus canaria (common canary)",93,-0.4167538860480729,-1.6298679697296683,0.005342431136735073,0.20944037071558774,0.20080437822547129,1022,"tags=17%, list=9%, signal=16%","103814392/103825605/103812888/103814507/103823962/103817251/103825669/103814184/103815595/103821258/103817583/103819976/103813055/103820351/103817379/103815742","interaction_diet:infection"
"scan04020","Calcium signaling pathway - Serinus canaria (common canary)",109,0.4462083561580232,1.5708124904969152,0.005462778307751853,0.20944037071558774,0.20080437822547129,2180,"tags=30%, list=20%, signal=24%","103822470/103823305/103818839/103816295/103826392/103820151/103824820/103824735/103824092/108963590/103821775/103816532/103819981/103813567/103822722/115484358/103819427/103817304/103823357/103817508/103823777/103817501/103817397/103824510/103821374/103821628/103820071/103820093/103818892/103816608/103818868/103819309/103817131","interaction_diet:infection"
"scan00190","Oxidative phosphorylation - Serinus canaria (common canary)",82,-0.40608419846836796,-1.570453452970288,0.01057293500518525,0.27665846596901406,0.2652508255686826,3425,"tags=61%, list=31%, signal=42%","103819167/103817783/103823494/103813310/103824915/103825440/103827120/103816798/103816680/103814484/103817572/103821968/103815311/103819838/103816871/103814510/103824104/103827112/103812255/103825927/103818939/103821880/103815888/103824421/103826690/103813122/103817025/103819557/103817013/103814992/103813968/103815557/103818040/103813813/103813689/103826261/103813395/103813580/103823755/103817985/103812888/103816343/103822534/103826469/103819677/103813478/103816398/108963315/103819978/103826999","interaction_diet:infection"
"scan00260","Glycine, serine and threonine metabolism - Serinus canaria (common canary)",22,-0.5418915537149815,-1.5591591361550297,0.042791144471782824,0.513911620294599,0.49272116461366183,2982,"tags=50%, list=27%, signal=36%","103821480/103814207/103817124/103824276/103821310/103821576/103820216/103823837/103815236/103824444/103820477","interaction_diet:infection"
"scan00350","Tyrosine metabolism - Serinus canaria (common canary)",17,-0.5768785994864642,-1.5460460017084987,0.048339345821237424,0.513911620294599,0.49272116461366183,992,"tags=35%, list=9%, signal=32%","103826034/103821576/103824172/103818085/103816058/103814515","interaction_diet:infection"
"scan00534","Glycosaminoglycan biosynthesis - heparan sulfate / heparin - Serinus canaria (common canary)",17,0.6303694230982714,1.5357706983733603,0.042833607907743,0.513911620294599,0.49272116461366183,1139,"tags=29%, list=10%, signal=26%","103820901/103821426/103816259/103820028/103814231","interaction_diet:infection"
"scan00670","One carbon pool by folate - Serinus canaria (common canary)",13,-0.6114341415193022,-1.5353224104044487,0.06313131313131314,0.513911620294599,0.49272116461366183,9,"tags=15%, list=0%, signal=15%","103816061/103813189","interaction_diet:infection"
"scan03420","Nucleotide excision repair - Serinus canaria (common canary)",46,-0.4414181699363054,-1.5171745988604932,0.034214195719037645,0.513911620294599,0.49272116461366183,2073,"tags=37%, list=19%, signal=30%","103816392/103820990/103820072/103826051/103813288/103821039/103815325/103826822/103817034/103824798/103823649/103817904/103813942/103826693/103821212/103820596/103813837","interaction_diet:infection"
"scan04916","Melanogenesis - Serinus canaria (common canary)",54,0.48433871646537147,1.515449271622272,0.024711480581795894,0.513911620294599,0.49272116461366183,1207,"tags=24%, list=11%, signal=22%","103812739/103822470/103824735/103816655/103826188/103820790/103821769/103822722/103812501/103817304/103817470/103813289/103817763","interaction_diet:infection"
"scan00592","alpha-Linolenic acid metabolism - Serinus canaria (common canary)",12,0.6735830792766994,1.5024989126144506,0.03676261595661033,0.513911620294599,0.49272116461366183,1596,"tags=58%, list=15%, signal=50%","103824355/103822123/103823709/103813604/103826648/103823998/103826646","interaction_diet:infection"
"scan00860","Porphyrin metabolism - Serinus canaria (common canary)",19,0.5921923095866838,1.5002337942003956,0.05245901639344262,0.513911620294599,0.49272116461366183,2854,"tags=47%, list=26%, signal=35%","103817760/103816422/103820271/103819182/103813211/103814977/103813894/103819440/103824386","interaction_diet:infection"
"scan00270","Cysteine and methionine metabolism - Serinus canaria (common canary)",37,-0.4482673044448405,-1.4674555832929024,0.06593396878135137,0.513911620294599,0.49272116461366183,2357,"tags=41%, list=22%, signal=32%","103826768/103825146/103821310/103817232/103819574/103820500/103821392/103818595/103821260/103815851/103815236/103821490/103820287/103824444/103814023","interaction_diet:infection"
"scan00600","Sphingolipid metabolism - Serinus canaria (common canary)",41,0.4881854721351244,1.4576386981868794,0.040061633281972264,0.513911620294599,0.49272116461366183,1947,"tags=34%, list=18%, signal=28%","103821875/103819515/103815551/103815515/103814224/103816148/103824263/103823955/103818902/103823954/103821938/103824415/103814070/103827214","interaction_diet:infection"
"scan04912","GnRH signaling pathway - Serinus canaria (common canary)",57,0.45681100875242975,1.4484225641262263,0.04029850746268657,0.513911620294599,0.49272116461366183,2649,"tags=32%, list=24%, signal=24%","103822470/103823305/103824735/103817544/103822722/103817304/103826648/103826646/103824610/103819847/103815057/103824084/103819309/103814336/103821627/103817765/103819765/103826824","interaction_diet:infection"
"scan00100","Steroid biosynthesis - Serinus canaria (common canary)",15,0.6051597937633642,1.4477458317536402,0.06873977086743044,0.513911620294599,0.49272116461366183,1956,"tags=67%, list=18%, signal=55%","103822109/103821286/103813937/103815202/103816322/103823051/103814750/103814522/103818976/103824326","interaction_diet:infection"
"scan03082","ATP-dependent chromatin remodeling - Serinus canaria (common canary)",82,0.4147511583267467,1.3935911071052625,0.059248554913294796,0.513911620294599,0.49272116461366183,2252,"tags=28%, list=21%, signal=22%","103813343/103813361/103825220/115485577/103818731/103813338/103824877/103817144/115485216/103818099/103823728/103823197/103814483/103820589/103817653/103819774/103813355/103827154/103821677/103823527/103813451/103819075/103815309","interaction_diet:infection"
"scan04080","Neuroactive ligand-receptor interaction - Serinus canaria (common canary)",74,-0.3532127180618129,-1.3309435417746744,0.061642223640190126,0.513911620294599,0.49272116461366183,500,"tags=12%, list=5%, signal=12%","103816409/103819563/103816438/103815708/103821694/103820059/108962457/103821409/103814621","interaction_diet:infection"
"scan04141","Protein processing in endoplasmic reticulum - Serinus canaria (common canary)",133,-0.3145969749162498,-1.3058606543814453,0.05603363979257276,0.513911620294599,0.49272116461366183,3150,"tags=51%, list=29%, signal=37%","103823782/103826595/103818078/103819092/103820873/103819366/103817252/103820055/103816656/103824718/103826005/103812945/103826007/103817370/103818030/103821439/103819236/103822064/103814811/103820776/103819215/103820566/103817255/103819916/103816342/103813194/103815167/103818594/103813275/103821428/103813947/103821835/103826541/103817022/103812776/103819327/103818612/103819275/103817018/103821830/103823354/103819084/103820061/103827137/103819368/103823701/103813288/103827351/103815593/103818465/103813181/103817905/103818235/103815754/103823612/103824125/103821560/103815261/103826471/103815522/103826421/103826837/103813967/103819222/103819783/108962580/103820853/103815688","interaction_diet:infection"
"scan00310","Lysine degradation - Serinus canaria (common canary)",42,0.45694205781460184,1.3640638390926798,0.0847457627118644,0.6047765793528506,0.5798394290811775,1888,"tags=36%, list=17%, signal=30%","103813475/103823166/103823704/103824625/103813035/103820614/103823951/103821998/103813524/103822533/103822784/103817363/103815479/103821570/103818306","interaction_diet:infection"
"scan04371","Apelin signaling pathway - Serinus canaria (common canary)",83,0.3851835512662546,1.3014594516923317,0.09571428571428571,0.6533540372670807,0.6264138607388035,1094,"tags=16%, list=10%, signal=14%","103822470/103823305/103818582/103818839/103824735/103817544/103821775/103816118/103824624/103823594/103822256/103821958/103817167","interaction_diet:infection"
"scan04260","Cardiac muscle contraction - Serinus canaria (common canary)",35,-0.39967356713918456,-1.3055028151876307,0.10569105691056911,0.69139566395663965,0.66288689202681494,1785,"tags=37%, list=16%, signal=31%","103817025/103817013/103814992/103818040/103813813/103813689/103812425/103817985/103816343/103815419/103819677/108963315/103813738","interaction_diet:infection"
"scan00830","Retinol metabolism - Serinus canaria (common canary)",10,-0.588240931952319,-1.406269443258544,0.12264150943396226,0.6998986828774063,0.6710393003786062,562,"tags=40%, list=5%, signal=38%","103826034/103815796/103814889/103814515","interaction_diet:infection"
"scan04623","Cytosolic DNA-sensing pathway - Serinus canaria (common canary)",41,-0.41624414244151114,-1.3983508982244788,0.11213980312533504,0.6998986828774063,0.6710393003786062,816,"tags=20%, list=7%, signal=18%","103820036/103814507/103823962/103825360/103825669/103813837/103812885/103821258","interaction_diet:infection"
"scan00790","Folate biosynthesis - Serinus canaria (common canary)",16,-0.5257747116141742,-1.3909550303038907,0.1225,0.6998986828774063,0.6710393003786062,1741,"tags=31%, list=16%, signal=26%","103816283/103815511/103820474/103820475/103815738","interaction_diet:infection"
"scan00590","Arachidonic acid metabolism - Serinus canaria (common canary)",28,0.4823810919541085,1.3387102982429124,0.134375,0.6998986828774063,0.6710393003786062,1596,"tags=32%, list=15%, signal=28%","103824355/103819086/103826041/103814802/103823709/103819032/103813604/103826648/103826646","interaction_diet:infection"
"scan01250","Biosynthesis of nucleotide sugars - Serinus canaria (common canary)",33,-0.4044027846391868,-1.296050208474539,0.12534059945504086,0.6998986828774063,0.6710393003786062,1694,"tags=30%, list=16%, signal=26%","103821217/103823189/103820680/103817736/103817507/103816023/103812604/103821219/103826316/103821718","interaction_diet:infection"
"scan00280","Valine, leucine and isoleucine degradation - Serinus canaria (common canary)",40,-0.37914350701134875,-1.2687454253575814,0.1309192200557103,0.6998986828774063,0.6710393003786062,2278,"tags=35%, list=21%, signal=28%","103818197/103812699/103815091/103820500/103826531/103812620/103821285/103824695/103823648/103824692/103815968/103815321/103821261/103814515","interaction_diet:infection"
"scan03010","Ribosome - Serinus canaria (common canary)",109,-0.6839352980001402,-2.8484242026997935,1e-10,1.57e-8,1.4000000000000001e-8,2185,"tags=70%, list=20%, signal=56%","103812300/103822260/103815994/103821578/103819357/103825046/103812930/103812989/103824076/103818922/103817308/103812648/103814742/103820636/103821795/103826235/103816211/103824817/103819445/103817330/103826794/103820760/103817838/103823298/103821953/103823818/103819825/103812879/103819178/103818138/103824808/103824093/103812360/103815776/103812957/103820931/103821868/108963182/103820088/103816243/103820308/103818972/103817860/103814016/103827329/103816531/103824401/103823504/103820396/103820795/103822778/103815140/103815165/103815368/103821652/103816764/103821019/103820545/103818398/103824232/103818043/103819251/108962664/103826752/103817700/103827028/103824530/103813425/103815935/103814342/103816984/103820125/115485322/103816293/103824141/103824835","infection_protein"
"scan00190","Oxidative phosphorylation - Serinus canaria (common canary)",82,-0.5560847692171949,-2.2106140823996365,3.0932908748170234e-7,2.4282333367313635e-5,2.1653036123719166e-5,2880,"tags=65%, list=26%, signal=48%","103819907/103817025/103819613/103817783/103824915/103822294/103815311/103821968/103813580/103818040/103817013/103817222/103819838/115485390/103813122/103814510/103813310/103825440/103822174/103819677/103813813/103814773/103824104/103821723/103819557/103819167/103817985/103812255/103824421/103813395/103822053/103827120/103817572/103823755/103819978/103818939/103821880/103813689/103815557/103826469/103813478/103814992/103823494/103822534/103813968/103826261/103816871/103826999/103816343/108963315/103826690/103823717/103816398","infection_protein"
"scan00100","Steroid biosynthesis - Serinus canaria (common canary)",15,0.800213483168475,2.0192443873351755,3.6529552985402595e-5,0.0019117132729027358,0.0017047124726521212,839,"tags=47%, list=8%, signal=43%","103813937/103822109/103814750/103821286/103815202/103816322/103814522","infection_protein"
"scan03040","Spliceosome - Serinus canaria (common canary)",105,-0.4298442740170618,-1.781038103221664,1.4385410343087515e-4,0.005646273559661849,0.00503489362008063,3441,"tags=50%, list=32%, signal=34%","103818011/103817615/103826501/103822583/103821492/103812246/103821663/103823413/103826615/103819266/103816463/103816670/103823510/103824550/103816527/103822477/103823651/103822336/103814848/103816931/103814458/103818703/103821970/103822385/103820945/103824127/103821153/103819779/103815412/103817351/103822402/103822190/103814733/103812881/103813038/103815023/103824214/103825232/103820193/103826942/103817259/103825967/103813641/103821327/103824558/103813006/103813011/103813613/103823946/103818827/103827269/103824503","infection_protein"
"scan04060","Cytokine-cytokine receptor interaction - Serinus canaria (common canary)",101,0.4605035870467911,1.66727791148703,0.0016251623071383919,0.0510300964441455,0.04550454459987497,2522,"tags=50%, list=23%, signal=38%","103818753/103823970/103817606/108963451/103821099/108964078/103822640/103817183/103821001/103819311/103815624/103819165/103825260/103822505/103815299/103812987/103812980/103812646/103817300/103812440/103822284/103823016/103813616/103824053/103818815/103812645/103813169/103812363/103812628/103822011/103812581/103813156/103812453/103822422/103822134/103816543/103821617/103820948/103814497/103821034/103817182/103812985/103821712/103812309/103822662/103819385/103821063/103822517/103812366/103815228","infection_protein"
"scan04672","Intestinal immune network for IgA production - Serinus canaria (common canary)",18,0.686963276499905,1.825236057948614,0.003135123842090981,0.06579850689378311,0.05867382780337348,2336,"tags=72%, list=21%, signal=57%","103817606/103822505/103823355/103813616/103814710/103818417/103818815/103821648/103814481/103821712/103812309/103814479/103827138","infection_protein"
"scan03050","Proteasome - Serinus canaria (common canary)",34,-0.5337486205626458,-1.824237466155261,0.0036156938583493795,0.06579850689378311,0.05867382780337348,3316,"tags=62%, list=30%, signal=43%","103822600/103826787/103826550/103818683/103827055/103819356/103818732/103826839/103818730/103816914/103826893/103817076/103818493/103821558/103823167/103819256/103822431/103821715/103814385/103825262/103824736","infection_protein"
"scan00531","Glycosaminoglycan degradation - Serinus canaria (common canary)",17,0.6849326575915196,1.7767879535797182,0.004190987700240963,0.06579850689378311,0.05867382780337348,2752,"tags=65%, list=25%, signal=48%","103819936/103820271/103824300/103819543/103817140/103816148/103820401/103813171/103816969/103816359/103821276","infection_protein"
"scan00565","Ether lipid metabolism - Serinus canaria (common canary)",26,0.6091680841629534,1.7567198976110292,0.002746546313898818,0.06579850689378311,0.05867382780337348,1822,"tags=46%, list=17%, signal=39%","103820165/103824355/103815551/103813604/103823709/103825973/103816810/103822975/103818205/103826384/103826002/103826648","infection_protein"
"scan00592","alpha-Linolenic acid metabolism - Serinus canaria (common canary)",12,0.7300456121335817,1.7339818294323144,0.003909980740312391,0.06579850689378311,0.05867382780337348,1822,"tags=58%, list=17%, signal=49%","103822123/103824355/103813604/103823709/103818205/103826002/103826648","infection_protein"
"scan04142","Lysosome - Serinus canaria (common canary)",109,0.4133636365754538,1.514850020619308,0.007695284003400182,0.1098326898667117,0.09793997822509322,3077,"tags=42%, list=28%, signal=31%","103813937/103819936/103826745/103820271/103824300/103819935/103817725/103817489/103824795/103826466/103823430/103818651/103819543/108962968/103826204/103814925/103812503/103824409/103812593/103816275/103820629/103817140/103827207/103818696/103816148/103815824/103824024/103816190/103813476/103820401/103821268/103813171/103820613/103816969/103820152/103819201/103826899/103816359/103821276/103827066/103826212/103823562/103824388/103816813/103823730/103824263","infection_protein"
"scan00760","Nicotinate and nicotinamide metabolism - Serinus canaria (common canary)",26,0.5444190522217203,1.5699965355056218,0.020175748626986078,0.2332711695163161,0.2080125078489443,1631,"tags=38%, list=15%, signal=33%","103820752/103815030/103824309/103820607/103819841/103824536/103824185/103821200/103824319/103822851","infection_protein"
"scan04620","Toll-like receptor signaling pathway - Serinus canaria (common canary)",65,0.45024886393252467,1.5225388171784278,0.020843421351465018,0.2332711695163161,0.2080125078489443,2832,"tags=45%, list=26%, signal=33%","103823970/103822497/103826207/103815911/103812752/103819051/103815912/103826549/103824755/103826229/103822391/115483831/103818417/103818815/103826521/103824024/103824089/103820781/103817751/103826026/103827138/103822662/103822220/103821959/103826414/103826388/103821918/103819102/103815057","infection_protein"
"scan04514","Cell adhesion molecules - Serinus canaria (common canary)",54,0.457598494159276,1.5154603014586439,0.023772858039879347,0.2332711695163161,0.2080125078489443,1845,"tags=35%, list=17%, signal=29%","103825000/103814957/103823044/103823841/103823054/103825978/103821713/103816516/103820720/103822263/103814710/103818417/103818815/115483987/103823843/103814562/103818300/103812453/103814481","infection_protein"
"scan04148","Efferocytosis - Serinus canaria (common canary)",109,0.3870394498456041,1.4183800090312901,0.022874650394626054,0.2332711695163161,0.2080125078489443,2535,"tags=33%, list=23%, signal=26%","103813937/103826599/103819334/103816073/103812660/103814582/103822392/103818895/103818852/103814802/115485316/103826835/103813604/103826360/103824164/103815253/103814308/103821200/103819427/103813818/103826657/103815319/103820058/103821681/108962468/103822044/103818395/103820519/103818892/103818170/103822028/103817304/103821112/103814094/103818396/103827163","infection_protein"
"scan04020","Calcium signaling pathway - Serinus canaria (common canary)",109,0.3869076882109007,1.4178971433474556,0.022874650394626054,0.2332711695163161,0.2080125078489443,2388,"tags=33%, list=22%, signal=26%","103826392/103817501/103821334/103823305/103813567/103818868/103821775/103822693/103812698/103820151/103818168/103820144/103813271/103821374/103819981/103816295/103823357/103817524/103817801/103819427/103824319/103818839/103826268/103823703/103820058/103817397/103823821/103822624/103817046/108963590/103818892/103818170/103817304/103816806/103814310/103817765","infection_protein"
"scan00604","Glycosphingolipid biosynthesis - ganglio series - Serinus canaria (common canary)",10,0.6999348749256133,1.601187572514461,0.030616998496783177,0.2827569861173505,0.25213998762056733,2247,"tags=60%, list=21%, signal=48%","103823564/103815574/103816148/103813171/103816668/103819159","infection_protein"
"scan03030","DNA replication - Serinus canaria (common canary)",27,0.5225473828302702,1.527221019522558,0.03256352571629911,0.2840263076366089,0.25327186668232643,2222,"tags=44%, list=20%, signal=35%","103823254/103818206/103813212/103820053/103814276/103822154/103827359/103824798/103822704/103825187/103822709/103827391","infection_protein"
"scan00670","One carbon pool by folate - Serinus canaria (common canary)",13,0.6243399687818508,1.512578443310039,0.040783034257748776,0.3026992287917738,0.2699228791773779,2353,"tags=54%, list=22%, signal=42%","103813189/103818571/103824404/103823058/103817124/103814578/103816233","infection_protein"
"scan00140","Steroid hormone biosynthesis - Serinus canaria (common canary)",13,0.6240473067707125,1.511869415742755,0.040783034257748776,0.3026992287917738,0.2699228791773779,226,"tags=15%, list=2%, signal=15%","103812691/103821707","infection_protein"
"scan03020","RNA polymerase - Serinus canaria (common canary)",23,-0.47199153707998676,-1.4558909863356988,0.04579308035200766,0.3026992287917738,0.2699228791773779,2820,"tags=61%, list=26%, signal=45%","103819216/103821660/103814015/108963526/103821947/103817744/103820072/103813298/103816488/103816713/103813248/103813196/103820096/103813837","infection_protein"
"scan01230","Biosynthesis of amino acids - Serinus canaria (common canary)",46,0.45173934354796197,1.4503946207119216,0.041666666666666664,0.3026992287917738,0.2699228791773779,2747,"tags=39%, list=25%, signal=29%","103826599/103819001/103820089/103815490/103819925/103815943/103820272/103815752/103818571/103816991/103820786/103812734/103820500/103819060/103820123/103827144/103816611/103827158","infection_protein"
"scan03008","Ribosome biogenesis in eukaryotes - Serinus canaria (common canary)",65,-0.35231935687846566,-1.3718063504732847,0.04589645039400615,0.3026992287917738,0.2699228791773779,2659,"tags=35%, list=24%, signal=27%","103819979/103822586/103815156/103815271/103826526/103819794/103813752/103820046/103820685/103818200/103816049/103815415/103816166/103812731/103818526/103813927/103812797/103817371/103818036/115484706/108964095/115484717/115484728","infection_protein"
"scan04218","Cellular senescence - Serinus canaria (common canary)",116,0.3617296246128609,1.3399474591467861,0.04627249357326478,0.3026992287917738,0.2699228791773779,2875,"tags=36%, list=26%, signal=27%","103821432/103823305/103816118/103814057/103822392/103819603/103815650/103817882/103819642/103817294/103818573/103812564/103813607/103821200/103822320/103822842/103815979/103819427/103822807/103827032/103826268/103823703/103816707/103813156/103826957/103813021/103823688/103817242/103820781/103818892/103817751/103822102/103826026/103816033/103819385/115484353/103826388/103821918/103821476/103822679/103822335/103813987","infection_protein"
"scan02010","ABC transporters - Serinus canaria (common canary)",26,0.49094917772924845,1.415800025731543,0.05362776025236593,0.3118354948007945,0.27806986797523076,2506,"tags=46%, list=23%, signal=36%","103815745/103813507/103825036/103812605/103819966/103824484/103817786/103817900/103822044/103819819/103817458/103819201","infection_protein"
"scan04625","C-type lectin receptor signaling pathway - Serinus canaria (common canary)",69,0.40228733701619357,1.3727877354192541,0.05124653739612189,0.3118354948007945,0.27806986797523076,3499,"tags=51%, list=32%, signal=35%","103823305/103822392/103814802/103814195/103816155/103826549/103821247/103822391/103826750/103819427/103827032/103826268/103823703/103821648/103816971/103815166/103820350/103820781/103818892/103817751/103826026/103824426/103822662/103820721/103826388/103821918/103815057/103813987/103817243/103826480/103818614/103814539/103814330/103819592/103818137","infection_protein"
"scan04310","Wnt signaling pathway - Serinus canaria (common canary)",96,0.37498052768170664,1.3461515275106453,0.053475935828877004,0.3118354948007945,0.27806986797523076,3075,"tags=38%, list=28%, signal=27%","103819763/103813113/103816118/103812739/103812501/103819603/103817470/103826736/103813890/103821200/103812996/103813973/103817801/103819427/103826268/103816707/103820586/103819663/103820459/103813766/103823256/103818892/103826476/103817304/103820790/103824192/103813289/115484353/103817763/103815341/103819102/103815057/103813987/103824108/103813259/103821769","infection_protein"
"scan04520","Adherens junction - Serinus canaria (common canary)",66,0.40288759243005967,1.3665839741822756,0.059154929577464786,0.33169014084507037,0.2957746478873239,3281,"tags=42%, list=30%, signal=30%","103814957/103816118/103823044/103817470/103823781/103822693/103821923/103819747/103812996/103827326/103818483/103816222/103813156/103820586/103814884/103817621/103819385/103813289/103827163/103817763/103823197/103816139/103819102/103827018/103818614/103813013/103826969/103815683","infection_protein"
"scan00534","Glycosaminoglycan biosynthesis - heparan sulfate / heparin - Serinus canaria (common canary)",17,0.566391979577177,1.469280863107962,0.06581059390048154,0.3444087747458534,0.3071161048689139,1489,"tags=35%, list=14%, signal=31%","103821426/103820028/103814231/103817898/103813997/108961891","infection_protein"
"scan00220","Arginine biosynthesis - Serinus canaria (common canary)",13,0.5984699345741035,1.449903525754017,0.06525285481239804,0.3444087747458534,0.3071161048689139,771,"tags=31%, list=7%, signal=29%","103826599/103819001/103824593/103820272","infection_protein"
"scan03010","Ribosome - Serinus canaria (common canary)",109,-0.6034481227530631,-2.252880557305145,6.113816994867415e-9,9.598692681941842e-7,9.202903476484636e-7,2543,"tags=63%, list=23%, signal=49%","103820795/103819127/103820760/103819445/103822778/103824817/103814342/103826008/103818922/103827329/103812360/103824835/103820308/103818398/103816984/103821953/103822260/103817308/103821578/103812957/103816531/103826235/103827028/103817750/103821868/103815291/103820636/103820396/103813272/103821795/103817571/103814742/103815368/103812879/103815140/103824808/103814016/103824076/103823064/103820931/103817700/103812930/103823504/103812989/103820545/103819178/103821019/103813425/115484503/103824530/103819251/103816764/103821652/103826794/103818138/103818972/103824401/103819825/103824141/103815165/103816243/103816211/103823298/103816293/103824093/103815935/103820125/103815776/103818043","infection_lipid"
"scan04622","RIG-I-like receptor signaling pathway - Serinus canaria (common canary)",40,0.682635765086181,2.198145649293678,1.0434578099046829e-5,8.191143807751761e-4,7.853392990335245e-4,1945,"tags=40%, list=18%, signal=33%","103817379/103819976/103821730/103821258/103818641/103814509/103823962/103814507/103816650/103812941/103821035/103814392/103824089/103813947/103814384/103821471","infection_lipid"
"scan05164","Influenza A - Serinus canaria (common canary)",93,0.5331054046878638,1.9991983209270185,1.806009204990494e-5,9.451448172783586e-4,9.061730396969847e-4,1053,"tags=24%, list=10%, signal=22%","103815742/103820351/103817379/103819976/103813055/103817583/103821258/103826207/103814184/103815911/103823354/103815595/103823962/103815912/103825669/103814539/103814507/103812440/103825605/103819051/103816650/103812888","infection_lipid"
"scan04512","ECM-receptor interaction - Serinus canaria (common canary)",37,-0.6125035852798251,-1.8839811780465339,8.209040412398696e-4,0.032220483618664884,0.03089191523613194,474,"tags=27%, list=4%, signal=26%","103818867/103813718/103826259/103824015/103820000/115483849/103818618/103823465/103824037/103818870","infection_lipid"
"scan04620","Toll-like receptor signaling pathway - Serinus canaria (common canary)",65,0.514859062196127,1.8142591758886197,0.001116212054483605,0.03504905851078519,0.03360385764024327,1387,"tags=23%, list=13%, signal=20%","103813055/103812752/103823970/103826207/103815911/103827138/103818815/103824755/103815912/103814539/103814507/103819051/103819965/103818417/115483831","infection_lipid"
"scan01250","Biosynthesis of nucleotide sugars - Serinus canaria (common canary)",33,0.5979962973812498,1.8575440282006848,0.00214978834650784,0.056252795066955144,0.05393328658782827,1610,"tags=45%, list=15%, signal=39%","103821718/103826316/103820680/103816023/103817507/103821219/103821217/103815221/103823189/103824825/103821348/103819551/103817736/103822727/103812604","infection_lipid"
"scan00670","One carbon pool by folate - Serinus canaria (common canary)",13,0.7548234763755486,1.8654769945192282,0.003579417327097503,0.08028121719347256,0.07697092898871323,973,"tags=23%, list=9%, signal=21%","103813189/103817124/103816061","infection_lipid"
"scan00520","Amino sugar and nucleotide sugar metabolism - Serinus canaria (common canary)",42,0.5236590529632504,1.707112513213446,0.008031208868691287,0.14880947797380842,0.1426735189423708,1977,"tags=45%, list=18%, signal=37%","103821718/103826316/103820680/103816023/103817507/103819581/103821219/103821217/103815221/103822106/103823189/103824825/103819481/103821348/103819551/103817736/103822727/103824722/103814822","infection_lipid"
"scan03082","ATP-dependent chromatin remodeling - Serinus canaria (common canary)",82,-0.4391212565340209,-1.561960593053003,0.008530479629071821,0.14880947797380842,0.1426735189423708,522,"tags=24%, list=5%, signal=23%","103814968/103824877/103823197/103814483/103819075/103818158/103819774/103821677/103818099/103827154/103817653/115485216/115485577/103817144/103813355/103813338/103825220/103818731/103813361/103813343","infection_lipid"
"scan04672","Intestinal immune network for IgA production - Serinus canaria (common canary)",18,0.6586039764085564,1.7862883238525693,0.010786687165993944,0.16935098850610492,0.16236802786706672,1374,"tags=50%, list=13%, signal=44%","103821712/103813616/103822525/103827138/103812309/103818815/103823355/103814710/103818417","infection_lipid"
"scan04060","Cytokine-cytokine receptor interaction - Serinus canaria (common canary)",101,0.39158752303370004,1.4893672764430927,0.01600283796893195,0.22840414192021058,0.21898620378538458,1395,"tags=31%, list=13%, signal=27%","103821712/103813616/103823970/103820948/103814184/103822525/103812320/103821001/103815595/103812980/103812309/103812321/103822011/103813225/103818815/103812364/103812628/103822284/103821034/103817183/103822640/103824053/103812440/108963451/103821099/103813169/103819385/103812985/103819164/103816543/103817300","infection_lipid"
"scan00260","Glycine, serine and threonine metabolism - Serinus canaria (common canary)",22,0.5973646798066073,1.6901291732702814,0.024201241093575923,0.31663290430761837,0.3035769716123997,1544,"tags=45%, list=14%, signal=39%","103820477/103823837/103815236/103815752/103817124/103821480/103820089/103819925/103824444/103821310","infection_lipid"
"scan04540","Gap junction - Serinus canaria (common canary)",54,-0.45298206391954526,-1.4997283402117938,0.03291305480631188,0.39748843112238197,0.3810985293362429,674,"tags=15%, list=6%, signal=14%","103819309/103824084/103814372/103816769/103823305/103824735/103826578/103824092","infection_lipid"
"scan00270","Cysteine and methionine metabolism - Serinus canaria (common canary)",37,0.4735127397686286,1.4996048945249523,0.04977221749376696,0.529957805907173,0.5081057073062403,2328,"tags=41%, list=21%, signal=32%","103814023/103815236/103815752/103820500/103821490/103824938/103819574/103824444/103821310/103815851/103818660/103821260/103818585/103821392/103826768","infection_lipid"
"scan00280","Valine, leucine and isoleucine degradation - Serinus canaria (common canary)",40,0.45434504291558175,1.4630299647967466,0.051479128754240135,0.529957805907173,0.5081057073062403,2741,"tags=50%, list=25%, signal=38%","103814515/103821285/103821261/103820500/103819615/103812620/103821480/103815321/103824938/103826531/103823648/103825293/103812699/103818197/103813777/103827296/103822181/103817737/103812905/103824692","infection_lipid"
"scan00785","Lipoic acid metabolism - Serinus canaria (common canary)",14,0.571856117128641,1.4539312489760545,0.08258928571428571,0.529957805907173,0.5081057073062403,802,"tags=21%, list=7%, signal=20%","103823837/103817124/103819615","infection_lipid"
"scan00140","Steroid hormone biosynthesis - Serinus canaria (common canary)",13,0.5848958503627744,1.4455164514499743,0.07586206896551724,0.529957805907173,0.5081057073062403,1763,"tags=62%, list=16%, signal=52%","103819697/103812691/103820184/103826189/103818085/103821707/103827003/103826301","infection_lipid"
"scan00630","Glyoxylate and dicarboxylate metabolism - Serinus canaria (common canary)",23,0.500927717907834,1.4358060510322361,0.08803611738148984,0.529957805907173,0.5081057073062403,856,"tags=22%, list=8%, signal=20%","103823837/103821209/103813888/103817124/103812620","infection_lipid"
"scan00380","Tryptophan metabolism - Serinus canaria (common canary)",26,0.49153439034227175,1.4329339473479215,0.08616780045351474,0.529957805907173,0.5081057073062403,1264,"tags=27%, list=12%, signal=24%","103814515/103825954/103824172/103821480/103821707/103824938/103825924","infection_lipid"
"scan00860","Porphyrin metabolism - Serinus canaria (common canary)",19,-0.5482469843574832,-1.431483629263371,0.07889908256880734,0.529957805907173,0.5081057073062403,2564,"tags=79%, list=23%, signal=61%","103821501/103814878/103822126/103819907/103819440/103822821/103813211/103812421/103813894/103814977/103824386/103816422/103819182/103819361/103817760","infection_lipid"
"scan00250","Alanine, aspartate and glutamate metabolism - Serinus canaria (common canary)",22,0.5052959307668217,1.4296382471093658,0.083710407239819,0.529957805907173,0.5081057073062403,3131,"tags=64%, list=29%, signal=45%","103819001/103820272/103819428/103820986/103824938/103826193/103822727/103814164/103817737/103824593/103814540/103814219/103827201/103820755","infection_lipid"
"scan04916","Melanogenesis - Serinus canaria (common canary)",54,-0.4200953078522031,-1.39084720777785,0.07005253940455342,0.529957805907173,0.5081057073062403,935,"tags=19%, list=9%, signal=17%","103821769/103820790/103819309/103824084/103822722/103824735/103816655/103822470/103812739/103826188","infection_lipid"
"scan04912","GnRH signaling pathway - Serinus canaria (common canary)",57,-0.41422963517879263,-1.3882573402776415,0.06551724137931035,0.529957805907173,0.5081057073062403,674,"tags=12%, list=6%, signal=12%","103819309/103824084/103822722/103823305/103824735/103817544/103822470","infection_lipid"
"scan04530","Tight junction - Serinus canaria (common canary)",108,-0.3507549064060147,-1.3087611029962118,0.06930693069306931,0.529957805907173,0.5081057073062403,1397,"tags=16%, list=13%, signal=14%","103822675/103824385/103815242/103818483/103819683/103823753/103823645/103824624/103821628/103814372/103819441/103824738/103817597/103818767/103820599/103815402/103815985","infection_lipid"
"scan04148","Efferocytosis - Serinus canaria (common canary)",109,0.33253874776007886,1.2778499569240516,0.07556675062972293,0.529957805907173,0.5081057073062403,2526,"tags=34%, list=23%, signal=26%","103813932/103813931/103820424/103812509/103826835/103818426/103814555/103826657/103813832/103814582/103825669/103814308/103824164/108962468/103818170/103822392/103824959/103816073/103815253/103816813/103827163/103826860/103813937/103812923/103813818/103817017/103818852/103818395/103814094/103819717/103819334/103818895/103818074/103815319/103826360/103812660/103822082","infection_lipid"
"scan04141","Protein processing in endoplasmic reticulum - Serinus canaria (common canary)",133,0.3138083878252113,1.2531100706728635,0.07888040712468193,0.529957805907173,0.5081057073062403,3340,"tags=38%, list=31%, signal=26%","103815688/103826837/103823354/103815754/103819783/103818465/103819222/103824125/103812945/103815261/103813181/103818612/103818919/103826471/103819368/103826421/103813947/108962580/103819275/103820566/103817022/103821428/103823701/103819327/103814471/103818235/103820061/103820853/103820776/103813096/103821560/103820852/103815593/103813194/103817018/103827137/103818304/103819084/103813288/103817905/103818594/103819092/103823712/103822153/103819215/103818700/103822799/103817370/103821830/103815167","infection_lipid"
"scan05168","Herpes simplex virus 1 infection - Serinus canaria (common canary)",114,0.32205855430541186,1.2495488768809206,0.09113924050632911,0.529957805907173,0.5081057073062403,1288,"tags=18%, list=12%, signal=16%","103813055/103817583/103821258/103826207/103814184/103823354/103824969/103823044/103825669/103821247/103824936/103814539/103814507/103812440/103824644/103816650/103812888/103824994/103821327/103814392/103813028","infection_lipid"
"scan00830","Retinol metabolism - Serinus canaria (common canary)",10,0.6213794651779445,1.420291709636379,0.10690423162583519,0.5376512190582542,0.5154818928952756,860,"tags=40%, list=8%, signal=37%","103814515/103822711/103816726/103820840","infection_lipid"
"scan00051","Fructose and mannose metabolism - Serinus canaria (common canary)",24,0.48570153444965036,1.4072664284820504,0.1,0.5376512190582542,0.5154818928952756,2225,"tags=46%, list=20%, signal=37%","103822944/103820475/103817507/103820474/103815221/103823189/103817736/103819602/103812734/103815490/103820123","infection_lipid"
"scan00790","Folate biosynthesis - Serinus canaria (common canary)",16,0.528014255753392,1.3825901047514462,0.12638580931263857,0.5376512190582542,0.5154818928952756,724,"tags=25%, list=7%, signal=23%","103815738/103815511/103820475/103820474","infection_lipid"
"scan03010","Ribosome - Serinus canaria (common canary)",109,-0.7679826076200643,-2.8725888767096968,1e-10,1.57e-8,1.3789473684210529e-8,1741,"tags=76%, list=16%, signal=65%","103815935/103816531/103819845/103814325/103816501/103821561/103823346/103816764/103817308/103820561/103820088/103812879/103817330/108963182/103819178/103815140/103820760/103812352/103819357/103818138/103816211/103821795/103823818/103826235/103815776/103820308/103819445/103817571/103812957/103812930/103814742/103817838/103823504/103812648/103827329/103821868/103814342/103812360/103818729/103818398/103813272/103813425/103820396/103824232/103817700/103818922/103812989/103816984/103820636/103824530/103824401/103824076/103824808/103822778/103821652/103827028/103821578/103821953/103818972/103820931/103824141/115484503/103820545/103819251/103818043/103826794/115485322/103823298/103815165/103815291/103816243/103823064/103814796/103817860/103814016/103816293/103821019/103820125/103824093/103824835/103821299/103826008/103815368","pathogen_load"
"scan04520","Adherens junction - Serinus canaria (common canary)",66,0.47285836681212945,1.8055608776436955,3.2788731770536463e-4,0.02055688112012985,0.018055323008628967,2453,"tags=47%, list=22%, signal=37%","103814957/103819747/103823044/103813075/103827326/103823781/103818614/103814128/103814643/103823660/103818769/103820764/103822693/103812996/103821923/103815683/103826606/103813981/103814000/103816118/103818483/103817621/103813156/103814884/103827163/103827018/103816139/103826935/103816222/103813013/103813695","pathogen_load"
"scan04142","Lysosome - Serinus canaria (common canary)",109,0.41369581498155134,1.6931181574836738,3.928066456075767e-4,0.02055688112012985,0.018055323008628967,2675,"tags=38%, list=25%, signal=29%","103819936/103824300/103817489/103814662/103818651/103826466/103820271/103827207/103812503/103823562/103819543/103818065/103818696/103816969/103814925/103817140/103826212/103819935/103817641/103826204/103824024/103813931/103817725/103817795/103826224/103819201/103821275/103820629/103816275/103821268/103823730/103816813/103812255/103822300/103826745/103821935/103824409/103823430/103816190/103826250/103826899","pathogen_load"
"scan01230","Biosynthesis of amino acids - Serinus canaria (common canary)",46,0.5027183110854043,1.7996117399554152,0.0013688420615877517,0.03581803394487951,0.03145935264350798,1828,"tags=41%, list=17%, signal=35%","103819001/103820272/103815752/103826599/103815943/103819925/103815236/103815490/103816991/103820089/103818571/103819060/103820123/103820786/103824444/103823365/103819913/103812734/103823460","pathogen_load"
"scan04625","C-type lectin receptor signaling pathway - Serinus canaria (common canary)",69,0.45469892957410435,1.7658835331449083,0.001217105099473921,0.03581803394487951,0.03145935264350798,2948,"tags=51%, list=27%, signal=37%","103822392/103820350/103818614/103814195/103826750/103820781/103823703/103816155/103826268/103824434/103819592/103826026/103816971/103826388/103820721/103821978/103815166/103814330/103816639/103821247/103815057/103814234/103814539/103818892/103826549/103817243/103826480/103819595/103822391/103813452/103819122/103818074/103817751/103823305/103814507","pathogen_load"
"scan04148","Efferocytosis - Serinus canaria (common canary)",109,0.39198879958245864,1.6042786271185416,0.0012753248834156206,0.03581803394487951,0.03145935264350798,2198,"tags=35%, list=20%, signal=28%","103814308/108962468/103826657/103826599/103818852/103822392/103818895/103816073/103818170/103821328/103820862/103815253/103824164/103813932/103821681/103817147/103823400/103820058/103814094/103813832/103812509/103826360/103812660/103826835/103820424/103820273/103813931/103822044/103818395/103818959/103813604/103816639/103814492/103827163/103814582/103816813/103818892/103821200","pathogen_load"
"scan00220","Arginine biosynthesis - Serinus canaria (common canary)",13,0.6816949874367041,1.7791562689455003,0.006481150216640763,0.12291500319677331,0.10795752878831583,1386,"tags=46%, list=13%, signal=40%","103819001/103820272/103826599/103824593/103819060/103823365","pathogen_load"
"scan00531","Glycosaminoglycan degradation - Serinus canaria (common canary)",17,0.6204186576268335,1.7379873273650703,0.008611879204869468,0.12291500319677331,0.10795752878831583,1475,"tags=47%, list=14%, signal=41%","103819936/103824300/103820271/103819543/103816969/103814162/103817140/103826088","pathogen_load"
"scan00380","Tryptophan metabolism - Serinus canaria (common canary)",26,0.5341922159306426,1.659843983878669,0.00763171026567327,0.12291500319677331,0.10795752878831583,1896,"tags=46%, list=17%, signal=38%","103824938/103825954/103815479/103821480/103824172/103822691/103825924/103825293/103826774/103815769/103821707/103820614","pathogen_load"
"scan00190","Oxidative phosphorylation - Serinus canaria (common canary)",82,-0.4515308979648124,-1.6236107615604645,0.008210768894503123,0.12291500319677331,0.10795752878831583,3745,"tags=62%, list=34%, signal=41%","103814510/103817013/103824421/103817572/103819557/103815311/103812888/103816680/103821968/103817783/103813580/103821880/103813813/103819838/103817222/103822294/103814773/103821723/103820466/103817677/103813122/103826594/103822174/103813395/103824104/103823755/103819167/103827120/103826690/103818329/103826469/103813689/103822053/103816398/103818939/103824915/103818040/115485390/103827112/103819613/103813310/103816343/103822534/103821025/103823494/103813478/103816871/103823717/103815557/108963315/103826261","pathogen_load"
"scan04514","Cell adhesion molecules - Serinus canaria (common canary)",54,0.4244270537678882,1.568191846823207,0.006054692341683605,0.12291500319677331,0.10795752878831583,1652,"tags=35%, list=15%, signal=30%","103814957/103823044/103821713/103824644/103818815/103823054/103825978/103823841/103825000/103822837/103818417/103820764/103814562/103814710/103813076/103827110/103822071/103824329/103818300","pathogen_load"
"scan03050","Proteasome - Serinus canaria (common canary)",34,-0.5697815018002339,-1.7459501273828393,0.010702788682695887,0.12449595801740135,0.10934609788990665,4106,"tags=76%, list=38%, signal=48%","103819356/103815366/103819256/103822600/103825262/103821771/103818730/103818683/103813730/103826787/103826550/103827055/103818318/103824987/103822431/103818924/103821715/103826848/103817076/103816914/103827339/103826700/103823167/103818493/103819772/103818732","pathogen_load"
"scan00260","Glycine, serine and threonine metabolism - Serinus canaria (common canary)",22,0.5780643911274391,1.7302730831712314,0.010269745933049147,0.12449595801740135,0.10934609788990665,1543,"tags=50%, list=14%, signal=43%","103823837/103815752/103819925/103815236/103820477/103821480/103820089/103817124/103816864/103824444/103815769","pathogen_load"
"scan01250","Biosynthesis of nucleotide sugars - Serinus canaria (common canary)",33,0.4985220259262383,1.6402348731790515,0.011101550396456172,0.12449595801740135,0.10934609788990665,3208,"tags=64%, list=29%, signal=45%","103820680/103815068/103822727/103817507/103816023/103819551/103823725/103819854/103826316/103821217/103823189/103824825/103824722/103815221/103821348/103821718/103817736/103812604/103819571/103821187/103816951","pathogen_load"
"scan00052","Galactose metabolism - Serinus canaria (common canary)",24,0.5313755293664194,1.636122615814547,0.016334819877750265,0.16622395465297043,0.14599623238041656,2084,"tags=54%, list=19%, signal=44%","103820680/103815490/103815068/103817507/103823725/103819935/103817641/103819854/103812734/103821326/103824722/103825224/103821348","pathogen_load"
"scan00010","Glycolysis / Gluconeogenesis - Serinus canaria (common canary)",39,0.45059498395554887,1.5516358070937182,0.016940020856353676,0.16622395465297043,0.14599623238041656,1944,"tags=41%, list=18%, signal=34%","103815943/103822944/103820477/103821480/103815490/103815068/103817507/103823725/103820123/103825293/103820786/103818596/103812734/103821326/103824722/103825224","pathogen_load"
"scan04060","Cytokine-cytokine receptor interaction - Serinus canaria (common canary)",101,0.3505720718820067,1.425619702068402,0.020863038340194845,0.1926762952594465,0.16922959892046593,1966,"tags=35%, list=18%, signal=29%","103823970/108963451/103821503/103813169/103818815/103821001/103822640/103821099/108964078/103817300/103812440/103813225/103824053/103812309/103814953/103813616/103812980/103818543/103817183/103815299/103816543/103815624/103819164/103814497/103825260/103812321/108961726/103815595/103819311/103822011/103820948/103821712/103813156/103824248/103812320","pathogen_load"
"scan00030","Pentose phosphate pathway - Serinus canaria (common canary)",21,0.5313324454711474,1.579324601209062,0.023821878215089146,0.20319353408387344,0.17846699943001956,1828,"tags=48%, list=17%, signal=40%","103824897/103820784/103822944/103815490/103816991/103815068/103820123/103812734/103824722/103823460","pathogen_load"
"scan04820","Cytoskeleton in muscle cells - Serinus canaria (common canary)",95,0.3459617342338208,1.3968435230767346,0.02459030030314392,0.20319353408387344,0.17846699943001956,1958,"tags=41%, list=18%, signal=34%","103814579/103819902/103814553/103827319/103814308/103817244/103826645/103823054/103816521/103821774/103826834/103814333/103821768/103819048/108962110/103822892/103824527/103822362/103823660/103826865/108964450/103821681/103825237/103814710/103817513/103813076/103812425/103827170/103816452/103820786/103814000/103827109/103826039/103821090/103817621/103820959/103813216/103826748/103824594","pathogen_load"
"scan00250","Alanine, aspartate and glutamate metabolism - Serinus canaria (common canary)",22,0.5338945826451714,1.5980631911959835,0.031504390837732814,0.24730946807620258,0.21721448419699996,1439,"tags=36%, list=13%, signal=32%","103819001/103820272/103824938/103824593/103822727/103819060/103823365/103827201","pathogen_load"
"scan00604","Glycosphingolipid biosynthesis - ganglio series - Serinus canaria (common canary)",10,0.6753515344706724,1.6301307809330539,0.038380238164823124,0.27800619656836684,0.24417574086795882,1329,"tags=40%, list=12%, signal=35%","103819042/103819159/103816668/103815574","pathogen_load"
"scan00511","Other glycan degradation - Serinus canaria (common canary)",16,0.5526594946144414,1.521755510470484,0.040233609826705936,0.27800619656836684,0.24417574086795882,3232,"tags=56%, list=30%, signal=40%","103823208/103823562/103826212/103818433/103822922/103820629/103819481/103819930/103823955","pathogen_load"
"scan01200","Carbon metabolism - Serinus canaria (common canary)",79,0.3382212873251014,1.3328510415834849,0.040727022427212975,0.27800619656836684,0.24417574086795882,1896,"tags=29%, list=17%, signal=24%","103824897/103823837/103820784/103815943/103822944/103815490/103816991/103820089/103817124/103817507/103817082/103816864/103823725/103824891/103820123/103820786/103824444/103818596/103812734/103819530/103826531/103823460/103820614","pathogen_load"
"scan00592","alpha-Linolenic acid metabolism - Serinus canaria (common canary)",12,-0.6701045791219034,-1.6431566543783807,0.04800210698347465,0.29596222572164005,0.2599467084782759,1040,"tags=42%, list=10%, signal=38%","103822123/103826646/103823998/103824355/103826648","pathogen_load"
"scan00670","One carbon pool by folate - Serinus canaria (common canary)",13,0.5981042060104761,1.5609926245863939,0.04901285266727797,0.29596222572164005,0.2599467084782759,1532,"tags=46%, list=14%, signal=40%","103813189/103817124/103818571/103824404/103823444/103814578","pathogen_load"
"scan00513","Various types of N-glycan biosynthesis - Serinus canaria (common canary)",36,0.4329222419739921,1.4477784786535917,0.04659089064024335,0.29596222572164005,0.2599467084782759,3946,"tags=56%, list=36%, signal=36%","115485398/103823519/103826142/103823030/103822799/103812945/103813496/103812346/103815608/103816135/103826707/103819481/103817955/103827385/103814959/103824196/103827137/103818314/103821560/103819092","pathogen_load"
"scan00830","Retinol metabolism - Serinus canaria (common canary)",10,0.6344503070790052,1.5314053818690583,0.05566218809980806,0.3015289133527681,0.26483598826156635,489,"tags=30%, list=4%, signal=29%","103822711/103820840/103816726","pathogen_load"
"scan00520","Amino sugar and nucleotide sugar metabolism - Serinus canaria (common canary)",42,0.4189523251048883,1.4678919929317233,0.05569642348554315,0.3015289133527681,0.26483598826156635,3208,"tags=50%, list=29%, signal=35%","103820680/103815068/103822727/103817507/103816023/103819551/103823725/103819854/103826316/103821217/103823189/103824825/103824722/103815221/103821348/103821718/103817736/103819481/103819571/103821187/103816951","pathogen_load"
"scan00562","Inositol phosphate metabolism - Serinus canaria (common canary)",60,0.3558114254779454,1.3343000994215697,0.05523672939323577,0.3015289133527681,0.26483598826156635,3521,"tags=45%, list=32%, signal=31%","103820593/103824551/103826392/103820781/103816328/103821374/103826780/108963600/103827274/103822524/103812698/103826531/103824582/103822631/103817120/103816475/103820040/103812774/103815664/103819233/103814084/103817969/103813790/103813517/103820748/103817983/103816565","pathogen_load"
"scan01040","Biosynthesis of unsaturated fatty acids - Serinus canaria (common canary)",24,-0.5430345918995285,-1.522662439100876,0.05859375,0.3063024811337935,0.26902866261164565,2130,"tags=38%, list=20%, signal=30%","103812789/103821040/103826968/103820027/103822123/103815029/103823998/103822124/103822125","pathogen_load"
"scan00140","Steroid hormone biosynthesis - Serinus canaria (common canary)",13,-0.7711062647083141,-1.8132191707809713,0.00453789194062559,0.20752749209230156,0.199093663299743,128,"tags=38%, list=1%, signal=38%","103827003/103821707/103819697/103822718/103812691","eye_score"
"scan04512","ECM-receptor interaction - Serinus canaria (common canary)",37,0.7467578618107552,1.750026975016919,0.0028184145022204956,0.20752749209230156,0.199093663299743,913,"tags=30%, list=8%, signal=27%","103818870/103826299/103824037/103813718/103820000/103821089/103823465/103817461/103823330/103816521/103818867","eye_score"
"scan04820","Cytoskeleton in muscle cells - Serinus canaria (common canary)",95,0.6175941121801561,1.616596705471626,0.0037365433125880177,0.20752749209230156,0.199093663299743,1021,"tags=19%, list=9%, signal=17%","103814250/103824037/103816018/103815845/103822327/103815955/103819048/103820000/103827161/103812826/103821089/103816521/103814045/103818867/103814374/103826751/103823231/103815956","eye_score"
"scan04510","Focal adhesion - Serinus canaria (common canary)",122,0.5807558838806253,1.554068595397672,0.005253860559298774,0.20752749209230156,0.199093663299743,1106,"tags=17%, list=10%, signal=15%","103818870/103824037/103813718/103822026/103819765/103821628/103818839/103820000/103816498/103821089/108964924/103816661/103816021/103817849/103823330/103822217/103816521/103827218/103818867/103815956/103819726","eye_score"
"scan00120","Primary bile acid biosynthesis - Serinus canaria (common canary)",10,-0.7640223045180012,-1.6914848486106386,0.016367614125720773,0.4237160916718297,0.4064964503713756,380,"tags=30%, list=3%, signal=29%","103817065/103819697/103812691","eye_score"
"scan00590","Arachidonic acid metabolism - Serinus canaria (common canary)",29,0.7266750306601083,1.621882732968091,0.01690082759272812,0.4237160916718297,0.4064964503713756,526,"tags=17%, list=5%, signal=16%","103814802/103824640/103826648/103818205/103826646","eye_score"
"scan04145","Phagosome - Serinus canaria (common canary)",91,0.5743821487861319,1.4959461375339445,0.021453979325155935,0.4237160916718297,0.4064964503713756,1354,"tags=12%, list=12%, signal=11%","103812787/103824037/103812524/103820319/103812786/103813100/103813571/103814472/103815242/103812469/103814431","eye_score"
"scan04814","Motor proteins - Serinus canaria (common canary)",105,0.5610086640815259,1.4839886687953812,0.019553325700516322,0.4237160916718297,0.4064964503713756,934,"tags=15%, list=8%, signal=14%","103817154/103817836/103826263/103812524/103820704/103814839/103817685/103817081/103816067/103817375/103822577/103816720/103814679/103820341/103826635/103826751","eye_score"
"scan04020","Calcium signaling pathway - Serinus canaria (common canary)",109,0.5469484129227572,1.447797922388283,0.02839505431835812,0.4590149661648966,0.4403607936558635,997,"tags=15%, list=9%, signal=14%","103816295/103826117/103822111/103819309/103824735/103819765/103818868/103821628/103818839/103816498/103820151/103817304/103812527/103817849/103822432/103823777/103824092","eye_score"
"scan03010","Ribosome - Serinus canaria (common canary)",109,0.5460971269682722,1.4455445288192705,0.029051580137018772,0.4590149661648966,0.4403607936558635,3933,"tags=76%, list=36%, signal=49%","103812648/103819845/103816159/103821337/103823090/103815935/103816211/103822260/108963182/103813168/103820760/103812360/103816764/103819445/103819178/103815140/103823504/108962647/103813425/103814342/103824076/103818729/103820561/103814325/103817860/103816531/103821578/103820396/103817571/103824835/103816984/103814742/103824232/103822778/103812930/103817308/103820636/115484503/103818972/103823298/103821868/103815789/103815776/103819251/103826235/103821652/103818138/103823346/103824401/103826794/103818398/103818922/103812879/103820545/103813272/103820308/103815165/103817750/103817700/103819357/103827329/103826108/103815368/103824141/103821019/103824808/103824817/103821953/103820088/103816501/103812957/103823064/103824093/103824530/103816243/103814016/103821795/103820931/103814796/103821561/103812989/103827028/103818043","eye_score"
"scan04370","VEGF signaling pathway - Serinus canaria (common canary)",45,0.631592820112655,1.519535826599521,0.044427252900222265,0.5187222715173025,0.4976416195768925,729,"tags=16%, list=7%, signal=15%","103814802/103826648/103822026/103819765/103816963/103826646/103817849","eye_score"
"scan00600","Sphingolipid metabolism - Serinus canaria (common canary)",41,0.6207032877496971,1.470454752799746,0.04596273291925466,0.5187222715173025,0.4976416195768925,1247,"tags=29%, list=11%, signal=26%","103819515/103823751/103814224/103821875/103826431/103813974/103827214/103824479/103819481/103815551/103815515/103821916","eye_score"
"scan04010","MAPK signaling pathway - Serinus canaria (common canary)",167,0.4829199600780266,1.325275860257169,0.045881126173096975,0.5187222715173025,0.4976416195768925,1433,"tags=18%, list=13%, signal=16%","103812551/103826117/103826648/103819765/103820138/103820972/103821628/103814617/103817340/103826673/103816498/103816963/103822422/103813409/103826646/103826623/103817849/103822311/103814996/103817134/103827218/103822432/103823777/103819726/103821627/103813611/103814440/103821834/103819427/103817484","eye_score"
"scan04140","Autophagy - animal - Serinus canaria (common canary)",142,-0.34825396777519013,-1.292404643646664,0.04130853259365331,0.5187222715173025,0.4976416195768925,2188,"tags=30%, list=20%, signal=25%","103817576/103815065/103821651/103822946/103814071/103822405/103816525/103812907/103827415/103818101/103819569/103816934/103815461/103826628/103826682/103820648/103817549/103823133/103823761/103826442/103814063/103820400/103816393/103820173/103820171/103826684/103816520/103818978/103814384/103816428/103814927/103824119/103815304/103817852/103818074/103820159/103826724/103826336/103821077/103821582/103816524/103813947/103823683","eye_score"
"scan04080","Neuroactive ligand-receptor interaction - Serinus canaria (common canary)",74,0.5435770377405202,1.3883766632450552,0.058823529411764705,0.6196078431372549,0.5944272445820433,997,"tags=16%, list=9%, signal=15%","103820316/103821230/103813049/103818868/103826681/103819538/103820151/103813600/103819246/103823563/103826687/103824092","eye_score"
"scan00040","Pentose and glucuronate interconversions - Serinus canaria (common canary)",11,0.7225571230649295,1.4144826977281708,0.10794602698650675,0.8583069262109552,0.823425698696719,1139,"tags=18%, list=10%, signal=16%","103812556/103819727","eye_score"
"scan00591","Linoleic acid metabolism - Serinus canaria (common canary)",10,0.7254965687991362,1.3865382252817584,0.11937984496124031,0.8583069262109552,0.823425698696719,526,"tags=30%, list=5%, signal=29%","103826648/103818205/103826646","eye_score"
"scan00533","Glycosaminoglycan biosynthesis - keratan sulfate - Serinus canaria (common canary)",13,0.6897755423996628,1.3784537810308357,0.10794602698650675,0.8583069262109552,0.823425698696719,2560,"tags=62%, list=23%, signal=47%","103816780/103826707/103827100/103821345/103815164/103827099/103816787/103814648","eye_score"
"scan00030","Pentose phosphate pathway - Serinus canaria (common canary)",21,0.6409472465641722,1.3729574349730924,0.10955056179775281,0.8583069262109552,0.823425698696719,232,"tags=10%, list=2%, signal=9%","103812328/103815806","eye_score"
"scan00603","Glycosphingolipid biosynthesis - globo and isoglobo series - Serinus canaria (common canary)",12,0.6846323721269497,1.3550215793975442,0.14499252615844543,0.8583069262109552,0.823425698696719,1132,"tags=25%, list=10%, signal=22%","103818975/103815586/103819481","eye_score"
"scan01040","Biosynthesis of unsaturated fatty acids - Serinus canaria (common canary)",24,0.6073258207486252,1.3289379887200197,0.1445945945945946,0.8583069262109552,0.823425698696719,1273,"tags=25%, list=12%, signal=22%","103812789/103826634/103816239/103823998/103821465/103826653","eye_score"
"scan00062","Fatty acid elongation - Serinus canaria (common canary)",20,0.6237051002254073,1.3253104327406655,0.15589887640449437,0.8583069262109552,0.823425698696719,1273,"tags=20%, list=12%, signal=18%","103812789/103826634/103816239/103826653","eye_score"
"scan03430","Mismatch repair - Serinus canaria (common canary)",18,0.6280802727005572,1.3239236795384204,0.16147308781869688,0.8583069262109552,0.823425698696719,2583,"tags=39%, list=23%, signal=30%","103823071/103818530/103817661/103819208/103827359/103815325/103820116","eye_score"
"scan00515","Mannose type O-glycan biosynthesis - Serinus canaria (common canary)",17,0.6303031162149163,1.3144946563593431,0.17985611510791366,0.8583069262109552,0.823425698696719,2291,"tags=47%, list=21%, signal=37%","103813208/103826509/103820429/103826677/103818567/103815164/103827099/103812511","eye_score"
"scan04330","Notch signaling pathway - Serinus canaria (common canary)",46,-0.41812717134479727,-1.2991000900637384,0.17744305391698867,0.8583069262109552,0.823425698696719,468,"tags=15%, list=4%, signal=15%","103826501/103819909/103826631/103817478/103824638/103818584/103823256","eye_score"
"scan03250","Viral life cycle - HIV-1 - Serinus canaria (common canary)",45,-0.4171443886204489,-1.2982171844531993,0.15202583910647582,0.8583069262109552,0.823425698696719,1424,"tags=18%, list=13%, signal=16%","103819237/103820039/103819039/103823726/103813677/103818626/103819384/103824875","eye_score"
"scan04672","Intestinal immune network for IgA production - Serinus canaria (common canary)",18,0.6036028181902875,1.2723279153510922,0.21104815864022664,0.8583069262109552,0.823425698696719,837,"tags=17%, list=8%, signal=15%","103827138/103815892/103816467","eye_score"
"scan00592","alpha-Linolenic acid metabolism - Serinus canaria (common canary)",12,0.6407864705151975,1.2682419509854521,0.21524663677130046,0.8583069262109552,0.823425698696719,922,"tags=33%, list=8%, signal=31%","103826648/103818205/103826646/103823998","eye_score"
"scan04810","Regulation of actin cytoskeleton - Serinus canaria (common canary)",145,0.4659268242002329,1.2671081733170806,0.09787234042553192,0.8583069262109552,0.823425698696719,1196,"tags=12%, list=11%, signal=11%","103826117/103824821/103824066/103822055/103815532/103818839/103820000/103821089/103826681/103816661/103820599/103827152/103827218/103823777/103826687/103814472/103819726/103814478","eye_score"
"scan00770","Pantothenate and CoA biosynthesis - Serinus canaria (common canary)",15,0.6207479437372516,1.2647328923547771,0.21301775147928995,0.8583069262109552,0.823425698696719,3278,"tags=53%, list=30%, signal=37%","103820609/103813928/103818306/103818012/103823184/103820860/103820500/103821708","eye_score"
