"Cluster","ONTOLOGY","ID","Description","setSize","enrichmentScore","NES","pvalue","p.adjust","qvalue","rank","leading_edge","core_enrichment"
"Infection (all)","MF","GO:0003735","structural constituent of ribosome",35,-0.6818866663266655,-2.4957590299858405,1.2057301104531797e-7,5.4402168688109866e-5,4.836884546893979e-5,1965,"tags=69%, list=18%, signal=56%","103820088/103815291/103826008/103817860/103813272/103819445/103817571/103812360/103824076/103824232/103812957/103812989/103814742/103821868/103812879/103824808/103824148/103814016/103815368/103816764/103820545/103824530/103816293/103820125"
"Infection (all)","BP","GO:0002376","immune system process",36,0.6681723456875117,2.370463859051774,2.914401894005886e-7,5.4402168688109866e-5,4.836884546893979e-5,1901,"tags=53%, list=18%, signal=44%","103824282/103820351/103823970/103821712/103816081/103813055/103815911/103813313/103812980/103821247/103819051/103814184/103812309/103816444/103812959/103812985/103825066/103819164/103813115"
"Infection (all)","BP","GO:0006955","immune response",31,0.6943397249569283,2.359112940376856,2.1320734903148343e-7,5.4402168688109866e-5,4.836884546893979e-5,1721,"tags=55%, list=16%, signal=46%","103824282/103820351/103823970/103821712/103816081/103813055/103815911/103813313/103812980/103819051/103814184/103812309/103816444/103812959/103812985/103825066/103819164"
"Infection (all)","CC","GO:0005840","ribosome",40,-0.6344092268183132,-2.40105511491328,5.197705893536771e-7,7.27678825095148e-5,6.469776020112875e-5,1965,"tags=62%, list=18%, signal=51%","103820088/103815291/103826008/103817860/103813272/103819445/103813400/103817571/103812360/103824076/103824232/103812957/103812989/103814742/103821868/103812879/103824808/103824148/103814016/103815368/103816764/103820545/103824530/103816293/103820125"
"Infection (all)","BP","GO:0043043","peptide biosynthetic process",53,-0.5671116051997589,-2.2889790162795265,2.8126766597158334e-6,2.9365335029916083e-4,2.610865313750058e-4,2362,"tags=55%, list=22%, signal=43%","103820009/103820195/103813003/103820088/103815291/103826008/103817860/103812407/103827119/103813272/103819445/103817571/103812360/103824076/103824232/103812957/103812989/103814742/103821868/103814085/103824808/103813219/103814016/103815368/103816764/103820545/103824530/103816293/103820125"
"Infection (all)","BP","GO:0006412","translation",52,-0.568303022121143,-2.279138097098861,3.198421769445798e-6,2.9365335029916083e-4,2.610865313750058e-4,2311,"tags=54%, list=21%, signal=43%","103820195/103813003/103820088/103815291/103826008/103817860/103812407/103827119/103813272/103819445/103817571/103812360/103824076/103824232/103812957/103812989/103814742/103821868/103814085/103824808/103813219/103814016/103815368/103816764/103820545/103824530/103816293/103820125"
"Infection (all)","MF","GO:0005198","structural molecule activity",66,-0.515150064524338,-2.1717276822801646,3.6706668787395104e-6,2.9365335029916083e-4,2.610865313750058e-4,1965,"tags=53%, list=18%, signal=44%","103820088/103821069/103815291/103826008/103817860/103813272/103819445/103817571/103812360/103818740/103813332/103824076/103824232/103812957/103812989/103814742/103821868/103812879/103824808/103813337/103824148/103814016/103815368/103816764/103820545/103824530/103816293/103820125/103813361/103813354/103815242/103825220/103813347/103826578/103813335"
"Infection (all)","CC","GO:1990904","ribonucleoprotein complex",83,-0.4756324028157664,-2.13198747478791,4.260363216339232e-6,2.982254251437462e-4,2.6515155280637585e-4,2431,"tags=42%, list=23%, signal=33%","103817615/103817064/103813006/103820110/103820088/103819865/103813752/103815291/103826008/103817860/103820374/103823946/103813272/103819445/103817571/103812360/103824076/103824232/103812989/103814742/103821868/103814085/103812879/103824808/103813219/103824148/103814016/103815368/103817743/103816764/103820545/103824530/103818036/103816293/103820125"
"Infection (all)","BP","GO:0006518","peptide metabolic process",58,-0.5287818383559906,-2.1804320518357567,5.709942777184231e-6,3.552853283581299e-4,3.158833840477358e-4,2362,"tags=52%, list=22%, signal=41%","103820009/103820195/103813003/103816976/103820088/103815291/103826008/103817860/103812407/103827119/103813272/103819445/103817571/103812360/103824076/103824232/103812957/103812989/103814742/103821868/103814085/103824808/103813219/103814016/103815368/103816764/103820545/103824530/103816293/103820125"
"Infection (all)","BP","GO:0006952","defense response",22,0.7267906339149341,2.274442890556853,6.475760126562308e-6,3.6264256708748926e-4,3.224246884067339e-4,1727,"tags=64%, list=16%, signal=54%","103824282/103820351/103822351/103813055/103815911/103820948/103812980/103819051/103816444/103812959/103815624/103812985/103823962/103812645"
"Infection (all)","BP","GO:0009605","response to external stimulus",30,0.6526322873717376,2.2192845052763976,9.254569999265259e-6,4.7114174541714046e-4,4.1889106312463807e-4,1428,"tags=50%, list=13%, signal=44%","103824282/103820351/103822351/103821712/103813055/103815911/103812980/103819051/103816444/103813169/103812959/103812987/103812985/103823962/103822624"
"Infection (all)","BP","GO:0009607","response to biotic stimulus",11,0.8341363281014942,2.1594805054466186,1.4712724200016181e-5,5.149453470005664e-4,4.5783674648734566e-4,1413,"tags=82%, list=13%, signal=71%","103824282/103820351/103822351/103813055/103815911/103819051/103816444/103812959/103823962"
"Infection (all)","BP","GO:0043207","response to external biotic stimulus",11,0.8341363281014942,2.1594805054466186,1.4712724200016181e-5,5.149453470005664e-4,4.5783674648734566e-4,1413,"tags=82%, list=13%, signal=71%","103824282/103820351/103822351/103813055/103815911/103819051/103816444/103812959/103823962"
"Infection (all)","BP","GO:0044419","biological process involved in interspecies interaction between organisms",11,0.8341363281014942,2.1594805054466186,1.4712724200016181e-5,5.149453470005664e-4,4.5783674648734566e-4,1413,"tags=82%, list=13%, signal=71%","103824282/103820351/103822351/103813055/103815911/103819051/103816444/103812959/103823962"
"Infection (all)","BP","GO:0051707","response to other organism",11,0.8341363281014942,2.1594805054466186,1.4712724200016181e-5,5.149453470005664e-4,4.5783674648734566e-4,1413,"tags=82%, list=13%, signal=71%","103824282/103820351/103822351/103813055/103815911/103819051/103816444/103812959/103823962"
"Infection (all)","BP","GO:0098542","defense response to other organism",11,0.8341363281014942,2.1594805054466186,1.4712724200016181e-5,5.149453470005664e-4,4.5783674648734566e-4,1413,"tags=82%, list=13%, signal=71%","103824282/103820351/103822351/103813055/103815911/103819051/103816444/103812959/103823962"
"Infection (all)","BP","GO:0043604","amide biosynthetic process",60,-0.5035748919783599,-2.0903770871572798,3.928750598911728e-5,0.0012941766678768044,0.0011506495562137755,2362,"tags=52%, list=22%, signal=41%","103820009/103820195/103813003/103820088/103815291/103826008/103817860/103812407/103826729/103827119/103813272/103819445/103817571/103812360/103824076/103824232/103812957/103812989/103814742/103821868/103814085/103824808/103813219/103814016/103815368/103816764/103820545/103824530/103816293/103820125/103821875"
"Infection (all)","BP","GO:0006950","response to stress",93,0.43018086231830954,1.8502628951120859,3.4598711069653063e-4,0.010764043443892065,0.009570286746167193,1727,"tags=27%, list=16%, signal=23%","103824282/103820351/103822351/103821581/103813055/108961868/103815911/103820948/103812980/103826483/103819051/103827024/103816444/103812959/103815253/103815624/103819654/103812985/103820596/103823962/103815817/103820083/103827103/103818704/103812645"
"Infection (all)","BP","GO:0006954","inflammatory response",13,0.7493022230913449,2.030274480450395,4.0771221626013454e-4,0.010872325766936922,0.009666560315340534,1727,"tags=62%, list=16%, signal=52%","103813055/103815911/103820948/103812980/103819051/103815624/103812985/103812645"
"Infection (all)","BP","GO:0043603","amide metabolic process",72,-0.43777519917707636,-1.8879261137982444,4.040470546214066e-4,0.010872325766936922,0.009666560315340534,2362,"tags=47%, list=22%, signal=37%","103820009/103820195/103826968/103813003/103826653/103816976/103820088/103815291/103826008/103817860/103812407/103826729/103827119/103813272/103819445/103817571/103812360/103824076/103824232/103812957/103812989/103814742/103821868/103814085/103824808/103813219/103814016/103815368/103816764/103820545/103824530/103816293/103820125/103821875"
"Infection (all)","BP","GO:0006629","lipid metabolic process",107,0.40770795068447874,1.7862387330799083,4.0538972403205217e-4,0.010872325766936922,0.009666560315340534,2793,"tags=45%, list=26%, signal=34%","103826392/103821581/103813937/103820165/103820593/103813931/103826010/103817601/103827212/103812698/103821040/103822107/103818954/103822123/103817065/103824582/103819647/103826637/103827274/103822109/103812799/103821239/103819799/103815733/103812919/103826610/103815508/103826899/103814944/103823730/103825279/103819442/103814801/103821020/103812721/103815479/103814522/103812732/103812914/103816322/103816730/103813517/103816373/103827309/103818197/103813604/103823883/103823160"
"Infection (all)","CC","GO:0098590","plasma membrane region",19,0.6636452902802396,2.009048611363085,7.841283799362054e-4,0.018296328865178124,0.016267224724115136,1379,"tags=37%, list=13%, signal=32%","103823169/103814683/103813632/103818514/103813964/103818994/103819797"
"Infection (all)","BP","GO:0002682","regulation of immune system process",12,0.7301557459469349,1.9370038657902562,7.369181082554083e-4,0.018296328865178124,0.016267224724115136,808,"tags=50%, list=7%, signal=46%","103813055/103815911/103813313/103812980/103819051/103816444"
"Infection (all)","BP","GO:0044281","small molecule metabolic process",129,0.3728698663560964,1.6852578964231002,7.768382154315307e-4,0.018296328865178124,0.016267224724115136,2684,"tags=40%, list=25%, signal=30%","103813189/103821581/103822944/103815752/103826599/103818803/103820784/103827212/103821040/103823720/103813389/103820500/103822123/103817065/103820481/103824404/103817737/103819363/103827350/103813771/103820752/103826637/103814023/103822109/103812799/103824172/103824825/103817229/103816039/103816036/103821348/103818585/103819574/103820123/103819442/103822691/103823189/103821020/103812721/103815479/103816951/103812914/103821326/103819341/103819810/103827134/103819060/103816806/103822399/103827309/103818197"
"Infection (all)","BP","GO:1901135","carbohydrate derivative metabolic process",77,0.43324965277248234,1.7800513034053682,8.287117770482942e-4,0.01856314380588179,0.016504449286056554,2796,"tags=47%, list=26%, signal=35%","103818157/103818774/103819087/103820784/103821040/103820481/103824404/103813997/103813496/103813745/103812734/103815733/103824825/103817229/103826610/103816039/103818612/103821348/103826899/103814944/103826707/103813273/103823189/103825920/103816951/103812716/103814231/103815322/103819810/103825994/103812762/103816806/103822399/103819045/103814830/103813925"
"Diet","BP","GO:0006955","immune response",31,0.6458872549238983,2.13170314888579,4.6495588698359274e-5,0.026037529671081194,0.02540127424678786,1342,"tags=42%, list=12%, signal=37%","103824282/103820351/103821712/103813055/103814184/103826104/103823970/103819164/103820034/103812985/103815534/103815911/103816444"
"Infection (protein)","CC","GO:1990904","ribonucleoprotein complex",83,-0.5405772717776463,-2.526553582251624,2.7817811969002232e-9,1.557797470264125e-6,1.3147576393770532e-6,3382,"tags=67%, list=31%, signal=47%","103817615/103818011/103826501/103813272/103821533/103817064/103821337/103826008/103822097/103826295/103819865/103813251/103813436/103814848/103817571/103821886/103821153/103819779/103812300/103813752/103819357/103812989/103826591/103824076/103813126/103820712/103817743/103824191/103814742/103824148/103819817/103819445/103818526/103820374/103814085/103817838/103812879/103813219/103824808/103812360/103821868/103813006/103820088/103817371/103814016/103818036/103817860/103823946/103815368/103827269/103816764/103820545/103824232/103824530/103820125/103816293"
"Infection (protein)","BP","GO:0006518","peptide metabolic process",58,-0.5731603270721927,-2.458243671194336,8.648805500630423e-8,2.4216655401765184e-5,2.043849299885821e-5,3169,"tags=69%, list=29%, signal=49%","103813272/103820740/103815949/103821533/103821337/103826008/103822097/103826295/103813251/103820553/103817571/103817079/103812300/103819357/103812989/103824076/103812407/103814742/103819445/103827119/103814085/103817838/103813219/103824808/103812360/103812957/103821868/103820088/103814016/103817860/103815368/103813003/103816764/103816976/103820545/103824232/103824530/103814574/103820125/103816293"
"Infection (protein)","BP","GO:0043043","peptide biosynthetic process",53,-0.5721703611826988,-2.42507304463693,1.641223567217062e-7,3.063617325471849e-5,2.5856469532647752e-5,3169,"tags=70%, list=29%, signal=50%","103813272/103820740/103821533/103821337/103826008/103822097/103826295/103813251/103820553/103817571/103817079/103812300/103819357/103812989/103824076/103812407/103814742/103819445/103827119/103814085/103817838/103813219/103824808/103812360/103812957/103821868/103820088/103814016/103817860/103815368/103813003/103816764/103820545/103824232/103824530/103820125/103816293"
"Infection (protein)","BP","GO:0006412","translation",52,-0.5812392979892783,-2.466171128493942,2.9335105031728855e-7,4.10691470444204e-5,3.466174252433226e-5,3169,"tags=71%, list=29%, signal=50%","103813272/103820740/103821533/103821337/103826008/103822097/103826295/103813251/103820553/103817571/103817079/103812300/103819357/103812989/103824076/103812407/103814742/103819445/103827119/103814085/103817838/103813219/103824808/103812360/103812957/103821868/103820088/103814016/103817860/103815368/103813003/103816764/103820545/103824232/103824530/103820125/103816293"
"Infection (protein)","MF","GO:0003735","structural constituent of ribosome",35,-0.6254832188234604,-2.392034843485221,4.471717504573919e-6,4.173603004268991e-4,3.5224581746555965e-4,3169,"tags=83%, list=29%, signal=59%","103813272/103821533/103821337/103826008/103826295/103817571/103812300/103819357/103812989/103824076/103814742/103824148/103819445/103817838/103812879/103824808/103812360/103812957/103821868/103820088/103814016/103817860/103815368/103816764/103820545/103824232/103824530/103820125/103816293"
"Infection (protein)","CC","GO:0005840","ribosome",40,-0.5948730548396036,-2.3419646080674,3.7645141180202753e-6,4.173603004268991e-4,3.5224581746555965e-4,2313,"tags=65%, list=21%, signal=51%","103817571/103812300/103819357/103812989/103824076/103813126/103814742/103824148/103819445/103817838/103812879/103824808/103812360/103812957/103821868/103813400/103820088/103814016/103817860/103815368/103816764/103820545/103824232/103824530/103820125/103816293"
"Infection (protein)","BP","GO:0043604","amide biosynthetic process",60,-0.4765670702555976,-2.0641990496163336,4.824194477355581e-5,0.003684422968056298,0.003109597580182854,3169,"tags=63%, list=29%, signal=45%","103813272/103820740/103821533/103821337/103826008/103822097/103826295/103813251/103820553/103817571/103817079/103826729/103812300/103819357/103812989/103824076/103812407/103814742/103819445/103827119/103814085/103817838/103813219/103824808/103812360/103812957/103821868/103820088/103814016/103817860/103815368/103813003/103816764/103820545/103824232/103824530/103820125/103816293"
"Infection (protein)","BP","GO:0043603","amide metabolic process",72,-0.4508891942131982,-2.044243733176258,5.911403739017718e-5,0.003684422968056298,0.003109597580182854,3169,"tags=61%, list=29%, signal=43%","103813272/103820740/103815949/103821533/103821337/103826008/103822097/103826295/103813251/103826968/103820553/103817571/103817079/103826729/103812300/103819357/103812989/103824076/103812407/103814742/103826653/103819445/103827119/103814085/103817838/103813219/103824808/103821916/103812360/103812957/103821868/103820088/103814016/103817860/103815368/103813003/103816764/103816976/103820545/103824232/103824530/103814574/103820125/103816293"
"Infection (protein)","CC","GO:0140513","nuclear protein-containing complex",88,-0.4128809559163627,-1.9408858962850999,5.921394055804765e-5,0.003684422968056298,0.003109597580182854,3382,"tags=51%, list=31%, signal=35%","103817615/103818011/103826501/103817359/103825993/103821521/103813184/103822813/103826604/103826358/103814848/103818167/103822550/103819029/103821153/103819779/103812538/103813752/103820072/103814826/103821151/103822074/103827221/103819652/103820712/103817743/103812717/103814586/103826071/103819817/103818973/103815357/103820374/103817678/103813248/103826622/103820177/103820463/103823946/103827269/103821212/103824591/103814296/103819374/103814125"
"Infection (protein)","CC","GO:0005739","mitochondrion",114,-0.36970890029413067,-1.8156918725208204,1.0800023785393755e-4,0.006048013319820503,0.0051044322943597864,3009,"tags=49%, list=28%, signal=36%","103813297/103824386/103817025/103827112/103822151/103826295/103819907/103817783/103815307/103816724/103815311/103823972/103816712/103820843/103819559/103814067/103826729/103817222/103815091/103823857/103815433/103814510/103813310/103825440/103819677/103813813/103825436/103826733/103813126/103817985/103820562/103824148/103814939/103826618/103827120/103820713/103817838/103818939/103818255/103822378/103819503/103813478/103823494/103813400/103820088/103814997/103816937/103813968/103814550/103812613/103826359/103817374/103823671/103818739/103821870/103816398"
"Infection (protein)","BP","GO:0006811","monoatomic ion transport",21,-0.6572174949772529,-2.209435092625978,1.5501621746899868e-4,0.00789173470751266,0.006660505420438317,2050,"tags=52%, list=19%, signal=43%","103822126/103814902/103818354/103813413/103821126/103814290/103822810/103817032/103815373/103822087/103815403"
"Infection (protein)","MF","GO:0038023","signaling receptor activity",102,0.42960229597963673,1.840729730261539,1.9794291161749067e-4,0.007917716464699626,0.0066824336328010015,2495,"tags=43%, list=23%, signal=33%","103817501/103823169/103815565/103818352/103813313/103815772/103815624/103814838/103819051/103821679/103826488/103812980/103812987/103812646/103820151/103818168/103817300/103820144/103815253/103821834/103813169/103812645/103812363/103817524/103825998/103815840/103818135/103815773/103816543/103821617/103814497/103820948/103822624/103815562/103823563/103818395/103812985/103820613/103821712/103821505/103819385/103821063/103818396/103822517"
"Infection (protein)","MF","GO:0060089","molecular transducer activity",102,0.42960229597963673,1.840729730261539,1.9794291161749067e-4,0.007917716464699626,0.0066824336328010015,2495,"tags=43%, list=23%, signal=33%","103817501/103823169/103815565/103818352/103813313/103815772/103815624/103814838/103819051/103821679/103826488/103812980/103812987/103812646/103820151/103818168/103817300/103820144/103815253/103821834/103813169/103812645/103812363/103817524/103825998/103815840/103818135/103815773/103816543/103821617/103814497/103820948/103822624/103815562/103823563/103818395/103812985/103820613/103821712/103821505/103819385/103821063/103818396/103822517"
"Infection (protein)","BP","GO:0006396","RNA processing",103,-0.3786154244800956,-1.832518818945337,1.921428835502826e-4,0.007917716464699626,0.0066824336328010015,3381,"tags=50%, list=31%, signal=35%","103818011/103826501/103824137/103821843/103825993/103814876/103817064/103821521/103821149/103820563/103813215/103818598/103818201/103820769/103819979/103813436/103823486/103822208/103814848/103812254/103818703/103820136/103821153/103819779/103823693/103813752/103819794/103813204/103821211/103819320/103820712/103817743/103819817/103813630/103825967/103818150/103818526/103820374/103821385/103820713/103812879/103820799/103820177/103813006/103818036/103813882/103823946/103814550/103827269/103816642/103814814/103814885"
"Infection (protein)","MF","GO:0004888","transmembrane signaling receptor activity",92,0.44062959318016004,1.852530444627873,3.0065129469847025e-4,0.011224315002076223,0.009473153075060572,2495,"tags=45%, list=23%, signal=35%","103817501/103823169/103815565/103818352/103813313/103815772/103815624/103819051/103821679/103826488/103812980/103812987/103812646/103820151/103818168/103817300/103820144/103815253/103821834/103813169/103812645/103812363/103817524/103825998/103815840/103818135/103815773/103816543/103821617/103814497/103820948/103822624/103815562/103823563/103818395/103812985/103821712/103819385/103821063/103818396/103822517"
"Infection (protein)","MF","GO:0005198","structural molecule activity",66,-0.41558730013130707,-1.833543919005238,5.503064895848598e-4,0.019260727135470095,0.016255764067342245,3169,"tags=65%, list=29%, signal=46%","103813272/103821533/103821337/103818065/103813337/103826008/103826295/103822357/103814000/103813332/103817571/103812300/103813629/103819357/103812989/103825220/103824076/103813245/103814742/103824148/103819445/103817838/103812879/103813354/103824808/103812360/103812957/103821868/103813347/103820088/103818740/103814016/103817860/103815368/103816764/103820545/103824232/103824530/103820125/103816293/103813335/103826578/103815242"
"Infection (protein)","BP","GO:0034660","ncRNA metabolic process",46,-0.47012443812273,-1.9484362676450417,6.356021391618647e-4,0.01977428877392468,0.016689202367466512,3107,"tags=54%, list=29%, signal=39%","103825993/103817064/103821521/103818598/103819979/103813436/103823486/103822208/103823693/103813752/103819794/103813204/103819320/103812407/103813630/103818150/103818526/103820713/103812879/103820177/103818036/103814550/103813003/103814814/103814885"
"Infection (protein)","CC","GO:0031981","nuclear lumen",80,-0.39891388604271777,-1.846464266188302,6.346302007208417e-4,0.01977428877392468,0.016689202367466512,4144,"tags=59%, list=38%, signal=36%","103822532/103814498/103820857/103824223/103823656/103813559/103819502/103821836/103817289/103819478/103818154/103821843/103814015/103827132/103819865/103813241/103818598/103822813/103819979/103813436/103826358/103822586/103812840/103815728/103822550/103812935/103813752/103814442/103820072/103818050/103817744/103814826/103822074/103821211/103812731/103813984/103818526/103824515/103817678/103813248/103824346/103820463/103817371/103818036/103821212/103819374/103814125"
"Infection (protein)","BP","GO:0000375","RNA splicing, via transesterification reactions",32,-0.5208227758288321,-1.9398000150782757,9.765620509043242e-4,0.02377716297854007,0.020067568002564835,3381,"tags=59%, list=31%, signal=41%","103818011/103826501/103821843/103820563/103813215/103814848/103818703/103820136/103821153/103820712/103817743/103819817/103825967/103820374/103821385/103813006/103823946/103827269/103816642"
"Infection (protein)","BP","GO:0000377","RNA splicing, via transesterification reactions with bulged adenosine as nucleophile",32,-0.5208227758288321,-1.9398000150782757,9.765620509043242e-4,0.02377716297854007,0.020067568002564835,3381,"tags=59%, list=31%, signal=41%","103818011/103826501/103821843/103820563/103813215/103814848/103818703/103820136/103821153/103820712/103817743/103819817/103825967/103820374/103821385/103813006/103823946/103827269/103816642"
"Infection (protein)","BP","GO:0000398","mRNA splicing, via spliceosome",32,-0.5208227758288321,-1.9398000150782757,9.765620509043242e-4,0.02377716297854007,0.020067568002564835,3381,"tags=59%, list=31%, signal=41%","103818011/103826501/103821843/103820563/103813215/103814848/103818703/103820136/103821153/103820712/103817743/103819817/103825967/103820374/103821385/103813006/103823946/103827269/103816642"
"Infection (protein)","BP","GO:0034470","ncRNA processing",40,-0.49035605167674157,-1.9304900584011853,8.409857758827404e-4,0.02377716297854007,0.020067568002564835,3107,"tags=57%, list=29%, signal=41%","103825993/103817064/103821521/103818598/103819979/103813436/103823486/103822208/103823693/103813752/103819794/103813204/103819320/103813630/103818150/103818526/103820713/103812879/103820177/103818036/103814550/103814814/103814885"
"Infection (protein)","CC","GO:0005743","mitochondrial inner membrane",39,-0.4844087477754548,-1.8920927699839167,9.26759361797744e-4,0.02377716297854007,0.020067568002564835,2118,"tags=49%, list=20%, signal=39%","103817222/103814510/103813310/103825440/103819677/103813813/103817985/103826618/103827120/103818939/103822378/103813478/103823494/103816937/103813968/103823671/103818739/103821870/103816398"
"Infection (protein)","BP","GO:0006629","lipid metabolic process",107,0.3963235776035062,1.6997743210027152,0.0010207063857122648,0.023816482333286176,0.020100752946702057,2147,"tags=28%, list=20%, signal=23%","103826392/103813937/103821581/103820593/103820165/103822109/103822123/103812721/103816322/103817601/103814522/103812698/103813604/103826010/103827212/103823709/103826637/103815479/103826610/103821040/103818954/103827309/103812919/103817065/103826648/103815508/103822107/103821020/103816883/103812799"
"Infection (protein)","MF","GO:0016798","hydrolase activity, acting on glycosyl bonds",14,0.6955456236258484,1.9225550256331323,0.001185135207940016,0.026547028657856356,0.02240529298379231,1457,"tags=43%, list=14%, signal=37%","103823117/103822351/103824309/103823519/103817140/103824319"
"Infection (protein)","BP","GO:0022613","ribonucleoprotein complex biogenesis",41,-0.465937322307445,-1.8509047387059574,0.0014511637724496753,0.02918005641405561,0.02462752881562212,3061,"tags=51%, list=28%, signal=37%","103827132/103822097/103818598/103813251/103819979/103813436/103819794/103812989/103812731/103819817/103818526/103814085/103821385/103812879/103813219/103824346/103812807/103813006/103820601/103816642/103818043"
"Infection (protein)","CC","GO:0031974","membrane-enclosed lumen",110,-0.3387925673705065,-1.6623205216712773,0.0015111100642993083,0.02918005641405561,0.02462752881562212,2895,"tags=42%, list=27%, signal=31%","103827112/103822151/103819865/103813241/103818598/103822813/103819979/103813436/103826358/103822586/103812840/103815728/103816712/103822550/103812935/103817245/103826729/103815091/103813752/103814442/103820072/103818050/103817744/103814826/103822074/103821211/103825436/103812731/103813984/103820562/103818526/103824515/103817678/103818939/103818255/103819503/103813248/103824346/103820088/103820463/103817371/103818036/103821212/103826359/103819374/103814125"
"Infection (protein)","CC","GO:0043233","organelle lumen",110,-0.3387925673705065,-1.6623205216712773,0.0015111100642993083,0.02918005641405561,0.02462752881562212,2895,"tags=42%, list=27%, signal=31%","103827112/103822151/103819865/103813241/103818598/103822813/103819979/103813436/103826358/103822586/103812840/103815728/103816712/103822550/103812935/103817245/103826729/103815091/103813752/103814442/103820072/103818050/103817744/103814826/103822074/103821211/103825436/103812731/103813984/103820562/103818526/103824515/103817678/103818939/103818255/103819503/103813248/103824346/103820088/103820463/103817371/103818036/103821212/103826359/103819374/103814125"
"Infection (protein)","CC","GO:0070013","intracellular organelle lumen",110,-0.3387925673705065,-1.6623205216712773,0.0015111100642993083,0.02918005641405561,0.02462752881562212,2895,"tags=42%, list=27%, signal=31%","103827112/103822151/103819865/103813241/103818598/103822813/103819979/103813436/103826358/103822586/103812840/103815728/103816712/103822550/103812935/103817245/103826729/103815091/103813752/103814442/103820072/103818050/103817744/103814826/103822074/103821211/103825436/103812731/103813984/103820562/103818526/103824515/103817678/103818939/103818255/103819503/103813248/103824346/103820088/103820463/103817371/103818036/103821212/103826359/103819374/103814125"
"Infection (protein)","CC","GO:0005730","nucleolus",41,-0.45936341441677253,-1.8247903308572695,0.0019393933648888997,0.03620200947792613,0.03055395160824969,3061,"tags=51%, list=28%, signal=37%","103827132/103819865/103813241/103818598/103819979/103813436/103822586/103812935/103813752/103814442/103817744/103822074/103812731/103813984/103818526/103824515/103824346/103820463/103817371/103818036/103819374"
"Infection (protein)","CC","GO:0070469","respirasome",16,-0.6350964305941369,-1.9407298635377763,0.002159308638048615,0.039006865719587884,0.03292120809792286,2898,"tags=81%, list=27%, signal=60%","103817025/103817783/103817222/103814510/103813310/103825440/103819677/103813813/103817985/103818939/103823494/103813968/103816398"
"Infection (protein)","CC","GO:0019866","organelle inner membrane",41,-0.4524877775373638,-1.7974773248531664,0.002536121202484199,0.04303720828458034,0.03632275661612139,2118,"tags=46%, list=20%, signal=37%","103817222/103814510/103813310/103825440/103819677/103813813/103817985/103826618/103827120/103818939/103822378/103813478/103823494/103816937/103813968/103823671/103818739/103821870/103816398"
"Infection (protein)","CC","GO:0005740","mitochondrial envelope",64,-0.3905679053716074,-1.711617406085404,0.002518190096329601,0.04303720828458034,0.03632275661612139,2947,"tags=52%, list=27%, signal=38%","103824386/103817025/103827112/103819907/103817783/103815307/103816712/103820843/103819559/103814067/103817222/103823857/103815433/103814510/103813310/103825440/103819677/103813813/103826733/103817985/103826618/103827120/103818939/103822378/103813478/103823494/103816937/103813968/103817374/103823671/103818739/103821870/103816398"
"Infection (protein)","CC","GO:0031967","organelle envelope",81,-0.36007129582501674,-1.6691503594292556,0.0027538285814893504,0.04406125730382961,0.03718703858913439,2947,"tags=48%, list=27%, signal=35%","103824386/103824369/103817025/103827112/103816776/103819907/103817783/103815307/103816712/103820843/103819029/103819559/103814067/103817222/103823857/103815433/103814510/103813310/103825440/103819677/108961776/103813813/103819652/103826733/103817985/103826618/103827120/103818939/103822378/103813478/103823494/103816937/103813968/103817374/103823671/103818739/103821870/103816398/103814125"
"Infection (protein)","CC","GO:0031975","envelope",81,-0.36007129582501674,-1.6691503594292556,0.0027538285814893504,0.04406125730382961,0.03718703858913439,2947,"tags=48%, list=27%, signal=35%","103824386/103824369/103817025/103827112/103816776/103819907/103817783/103815307/103816712/103820843/103819029/103819559/103814067/103817222/103823857/103815433/103814510/103813310/103825440/103819677/108961776/103813813/103819652/103826733/103817985/103826618/103827120/103818939/103822378/103813478/103823494/103816937/103813968/103817374/103823671/103818739/103821870/103816398/103814125"
"Infection (protein)","BP","GO:0002376","immune system process",36,0.5160851211380278,1.8022702550221334,0.0030436225317995395,0.04734523938354839,0.03995867008122788,2756,"tags=56%, list=26%, signal=42%","103823970/103816081/103813313/103816444/103815911/103819051/103812980/103821247/103812959/103824639/103813115/103821617/103812985/103821712/103812309/103814479/103822662/103821959/103824231/103815534"
"Infection (lipid)","BP","GO:0006955","immune response",31,0.712154429235687,2.4618018959946197,1.0697986234608936e-7,5.990872291381004e-5,5.439081422438017e-5,1330,"tags=52%, list=12%, signal=45%","103824282/103820351/103821712/103813055/103823970/103814184/103815911/103816081/103812980/103812309/103813313/103819051/103825066/103812985/103819164/103812959"
"Infection (lipid)","BP","GO:0002376","immune system process",36,0.674000436247072,2.438729796733812,2.7943205329910247e-7,7.824097492374869e-5,7.103456933866658e-5,1330,"tags=47%, list=12%, signal=42%","103824282/103820351/103821712/103813055/103823970/103814184/103815911/103816081/103812980/103812309/103821247/103813313/103819051/103825066/103812985/103819164/103812959"
"Infection (lipid)","BP","GO:0006952","defense response",22,0.7097112241058823,2.2694035785228994,1.553244569737211e-5,0.00289938986350946,0.0026323407971335895,1330,"tags=55%, list=12%, signal=48%","103824282/103820351/103813055/103820948/103815911/103822351/103812980/103823962/103819051/103816409/103812985/103812959"
"Infection (lipid)","BP","GO:0009607","response to biotic stimulus",11,0.7978169906172026,2.0901904684409507,1.1023768921672172e-4,0.007716638245170521,0.007005895248904815,1330,"tags=73%, list=12%, signal=64%","103824282/103820351/103813055/103815911/103822351/103823962/103819051/103812959"
"Infection (lipid)","BP","GO:0043207","response to external biotic stimulus",11,0.7978169906172026,2.0901904684409507,1.1023768921672172e-4,0.007716638245170521,0.007005895248904815,1330,"tags=73%, list=12%, signal=64%","103824282/103820351/103813055/103815911/103822351/103823962/103819051/103812959"
"Infection (lipid)","BP","GO:0044419","biological process involved in interspecies interaction between organisms",11,0.7978169906172026,2.0901904684409507,1.1023768921672172e-4,0.007716638245170521,0.007005895248904815,1330,"tags=73%, list=12%, signal=64%","103824282/103820351/103813055/103815911/103822351/103823962/103819051/103812959"
"Infection (lipid)","BP","GO:0051707","response to other organism",11,0.7978169906172026,2.0901904684409507,1.1023768921672172e-4,0.007716638245170521,0.007005895248904815,1330,"tags=73%, list=12%, signal=64%","103824282/103820351/103813055/103815911/103822351/103823962/103819051/103812959"
"Infection (lipid)","BP","GO:0098542","defense response to other organism",11,0.7978169906172026,2.0901904684409507,1.1023768921672172e-4,0.007716638245170521,0.007005895248904815,1330,"tags=73%, list=12%, signal=64%","103824282/103820351/103813055/103815911/103822351/103823962/103819051/103812959"
"Infection (lipid)","MF","GO:0003735","structural constituent of ribosome",35,-0.5814398234985548,-2.032332503199757,1.4919966729424642e-4,0.009283534853864222,0.00842847243311357,2327,"tags=63%, list=22%, signal=49%","103819445/103820195/103826008/103812360/103812957/103821868/103815291/103813272/103817571/103814742/103815368/103812879/103824808/103824076/103814016/103812989/103820545/103824530/103816764/103824148/103816293/103820125"
"Infection (lipid)","MF","GO:0005198","structural molecule activity",66,-0.4692325724622317,-1.904454980409284,3.013232271752863e-4,0.01687410072181603,0.015319907234280348,2327,"tags=52%, list=22%, signal=41%","103819445/103820195/103818740/103826008/103812360/103821069/103812957/103821868/103815291/103815242/103813272/103817571/103814742/103815368/103812879/103824808/103824076/103814016/103812989/103820545/103813332/103824530/103816764/103820172/103824148/103813337/103816293/103820125/103813354/103813347/103826578/103825220/103813361/103813335"
"Infection (lipid)","BP","GO:0044281","small molecule metabolic process",129,0.3777355366230397,1.760050227543675,3.534134417770785e-4,0.017991957035923996,0.01633480309840468,2418,"tags=35%, list=22%, signal=27%","103813189/103820477/103821581/103822944/103814023/103822868/103816036/103818803/103817229/103815752/103825954/103820500/103821040/103823720/103824172/103813389/103819363/103817065/103827212/103820784/103813925/103819574/103823189/103812799/103824825/103819810/103813771/103821348/103819442/103812914/103827350/103816039/103824404/103826803/103818585/103818197/103826637/103819341/103827134/103821551/103820123/103826768/103816058/103816017/103813180"
"Infection (lipid)","BP","GO:0009605","response to external stimulus",30,0.5607296532513718,1.9393307833374125,7.869504863396071e-4,0.036724356029181664,0.03334184955280967,1800,"tags=47%, list=17%, signal=39%","103824282/103820351/103821712/103813055/103815911/103822351/103812980/103823962/103819051/103813169/103812985/103812959/103822624/103818543"
"Infection (lipid)","BP","GO:0006950","response to stress",93,0.39180048597262707,1.720417157495097,0.001131254774723773,0.048730974911177914,0.04424259564304311,2976,"tags=46%, list=28%, signal=34%","103824282/103820351/103813055/108961868/103820948/103821581/103815911/103822351/103812980/103820596/103818704/103823962/103826483/103821120/103819051/103819654/103816409/103812985/103827024/103812959/103825661/103815253/103827103/103826693/103817746/103827354/103821212/103820061/103813816/103820776/103821056/103816444/103819374/103826604/103819492/103816948/103817150/103814339/103826499/103827243/103818594/103823161/103815624"
"Eye Score","CC","GO:0005840","ribosome",40,0.6711119893412748,2.853345067056439,1.0912935602376656e-10,3.6195834231740395e-8,3.000444153420585e-8,2432,"tags=78%, list=23%, signal=60%","103819845/103824076/103812360/103816764/103815368/103824148/103820545/103821868/103814742/103817571/103818729/103824232/103821337/103813272/103814016/103819445/103817860/103824808/103824530/103812957/103820125/103816293/103812879/108961656/103813400/103820195/103826111/103826008/103812989/103819357/103815789"
"Eye Score","MF","GO:0003735","structural constituent of ribosome",35,0.6914838085692334,2.817821288629924,1.2927083654193e-10,3.6195834231740395e-8,3.000444153420585e-8,2432,"tags=80%, list=23%, signal=62%","103824076/103812360/103816764/103815368/103824148/103820545/103821868/103814742/103817571/103818729/103824232/103821337/103813272/103814016/103819445/103817860/103824808/103824530/103812957/103820125/103816293/103812879/108961656/103820195/103826008/103812989/103819357/103815789"
"Eye Score","MF","GO:0005198","structural molecule activity",66,0.5206766852501599,2.4666650298554353,1.5439615767998094e-8,2.8820616100263107e-6,2.3890773872586525e-6,2432,"tags=58%, list=23%, signal=45%","103824076/103812360/103816764/103818740/103815368/103824148/103820545/103821868/103814742/103817571/103818729/103826578/103824232/103821337/103813272/103814016/103819445/103817860/103824808/103824530/103812957/103820125/103813361/103813354/103816293/103813245/103812879/108961656/103813347/103813332/103825220/103814564/103820195/103826008/103812989/103815242/103819357/103815789"
"Eye Score","BP","GO:0006518","peptide metabolic process",58,0.524440442419045,2.4071403673952605,8.873718666759203e-8,1.2423206133462885e-5,1.0298184031686339e-5,1336,"tags=47%, list=12%, signal=41%","103819845/103824076/103812360/103816764/103812407/103815368/103820545/103821868/103814742/103817571/103818729/103824232/103821337/103827134/103813272/103814016/103819445/103817860/103824808/103824530/103820009/103812957/103820125/103821499/103816293/103815355/108961656"
"Eye Score","BP","GO:0043604","amide biosynthetic process",60,0.5163916480780731,2.3940781007083194,1.793957909243601e-7,2.009232858352833e-5,1.6655482904766907e-5,2432,"tags=60%, list=23%, signal=47%","103819845/103824076/103812360/103816764/103812407/103815368/103820545/103821868/103814742/103817571/103818729/103824232/103821337/103821875/103827134/103813272/103814016/103819445/103817860/103824808/103824530/103820009/103812957/103820125/103821499/103816293/103815355/108961656/103820195/103826111/103826008/103826729/103812989/103820027/103819357/103815789"
"Eye Score","BP","GO:0043043","peptide biosynthetic process",53,0.5373057327781732,2.4002706463300827,2.466297221524445e-7,2.301877406756149e-5,1.9081352187583868e-5,1336,"tags=51%, list=12%, signal=45%","103819845/103824076/103812360/103816764/103812407/103815368/103820545/103821868/103814742/103817571/103818729/103824232/103821337/103827134/103813272/103814016/103819445/103817860/103824808/103824530/103820009/103812957/103820125/103821499/103816293/103815355/108961656"
"Eye Score","BP","GO:0043603","amide metabolic process",72,0.47721609120690833,2.303658963959685,3.039904625588814e-7,2.431923700471051e-5,2.015936751706266e-5,3264,"tags=64%, list=30%, signal=45%","103819845/103824076/103812360/103816764/103812407/103815368/103820545/103821868/103814742/103817571/103818729/103824232/103821337/103821875/103827134/103813272/103814016/103819445/103817860/103824808/103824530/103820009/103812957/103820125/103821499/103816293/103815355/108961656/103820195/103826111/103826008/103826729/103812989/103820027/103819357/103815789/103820088/103819341/103821916/103822097/103826653/103819571/103814085/103813219/103817838/103826968"
"Eye Score","BP","GO:0006412","translation",52,0.5296875586744099,2.359934808896409,4.0921228433232594e-7,2.8644859903262815e-5,2.3745081235599438e-5,1336,"tags=50%, list=12%, signal=44%","103819845/103824076/103812360/103816764/103812407/103815368/103820545/103821868/103814742/103817571/103818729/103824232/103821337/103827134/103813272/103814016/103819445/103817860/103824808/103824530/103812957/103820125/103821499/103816293/103815355/108961656"
"Eye Score","BP","GO:0030163","protein catabolic process",42,-0.5401142097190974,-2.3602147267935836,4.0441519104333865e-6,2.2647250698426964e-4,1.877337886843288e-4,2768,"tags=64%, list=26%, signal=48%","103822523/103826787/103827382/103819004/103815777/103816972/103815335/103820061/103824591/103813393/103820051/103820740/103818683/103814940/103818594/103824987/103816334/103814361/103820525/103816392/103820867/103818114/103825159/103823620/103820776/103818584/103826536"
"Eye Score","BP","GO:0006508","proteolysis",101,-0.3975297323339965,-2.097412859918863,3.8135671148583473e-6,2.2647250698426964e-4,1.877337886843288e-4,2396,"tags=42%, list=22%, signal=33%","103819004/103813389/103815065/103816107/103815777/103816972/103821935/103820061/103814507/103824591/103813393/103813206/103820051/103827179/103820740/103818683/103814940/103818594/103818156/103814509/103814445/103824987/103816334/103821403/103826631/103821214/103814361/103814508/103820525/103812586/103826570/103816392/103820867/103818114/103825159/103822463/103820710/103826003/103823620/103820776/103818584/103826536"
"Eye Score","BP","GO:0009057","macromolecule catabolic process",55,-0.4860655941862135,-2.2652076235073806,4.872675465724515e-6,2.480634782550662e-4,2.0563156750091015e-4,2639,"tags=58%, list=24%, signal=44%","103822523/103826787/103827382/103816397/103819004/103815777/103816972/103815335/103820061/103813572/103824591/103813393/103820051/103814417/103820740/103818683/103814940/103818594/103824055/103824987/103816334/103814361/103820525/103816392/103820867/103818114/103825159/103823620/103820776/103818584/103825990/103826536"
"Eye Score","BP","GO:0051603","proteolysis involved in protein catabolic process",40,-0.5424086528859798,-2.3180786365479613,6.011961188055979e-6,2.805581887759457e-4,2.325679722747971e-4,2768,"tags=65%, list=26%, signal=49%","103822523/103826787/103827382/103819004/103815777/103816972/103820061/103824591/103813393/103820051/103820740/103818683/103814940/103818594/103824987/103816334/103814361/103820525/103816392/103820867/103818114/103825159/103823620/103820776/103818584/103826536"
"Eye Score","BP","GO:0006511","ubiquitin-dependent protein catabolic process",36,-0.5476162020155811,-2.304835114082336,1.2754312180230082e-5,5.101724872092032e-4,4.2290614071289215e-4,2768,"tags=67%, list=26%, signal=50%","103822523/103826787/103827382/103819004/103815777/103816972/103824591/103813393/103820051/103820740/103818683/103814940/103818594/103824987/103816334/103820525/103816392/103820867/103818114/103825159/103823620/103820776/103818584/103826536"
"Eye Score","BP","GO:0019941","modification-dependent protein catabolic process",36,-0.5476162020155811,-2.304835114082336,1.2754312180230082e-5,5.101724872092032e-4,4.2290614071289215e-4,2768,"tags=67%, list=26%, signal=50%","103822523/103826787/103827382/103819004/103815777/103816972/103824591/103813393/103820051/103820740/103818683/103814940/103818594/103824987/103816334/103820525/103816392/103820867/103818114/103825159/103823620/103820776/103818584/103826536"
"Eye Score","MF","GO:0016755","aminoacyltransferase activity",40,-0.5256927716633419,-2.2466403824804777,1.5537108469671908e-5,5.80052049534418e-4,4.8083262000879376e-4,1140,"tags=38%, list=11%, signal=34%","103820740/103814640/103821581/103817564/103826107/103818640/103826276/103827013/103820360/103818114/103826724/103814970/103823620/103820776/103818584"
"Eye Score","MF","GO:0019787","ubiquitin-like protein transferase activity",36,-0.5343341447671642,-2.248932911370423,2.7617356039757874e-5,9.666074613915255e-4,8.012667114166593e-4,1140,"tags=39%, list=11%, signal=35%","103820740/103814640/103821581/103817564/103826107/103826276/103827013/103820360/103818114/103826724/103814970/103823620/103820776/103818584"
"Eye Score","MF","GO:0004842","ubiquitin-protein transferase activity",35,-0.5358536455298759,-2.2343923073599727,3.55005111044567e-5,0.0011694286010879853,9.693947614281985e-4,1140,"tags=40%, list=11%, signal=36%","103820740/103814640/103821581/103817564/103826107/103826276/103827013/103820360/103818114/103826724/103814970/103823620/103820776/103818584"
"Eye Score","BP","GO:0043632","modification-dependent macromolecule catabolic process",37,-0.524713148458562,-2.2061770059370924,4.087211573249137e-5,0.0012715769338997316,0.0010540703531010933,2768,"tags=65%, list=26%, signal=48%","103822523/103826787/103827382/103819004/103815777/103816972/103824591/103813393/103820051/103820740/103818683/103814940/103818594/103824987/103816334/103820525/103816392/103820867/103818114/103825159/103823620/103820776/103818584/103826536"
"Eye Score","BP","GO:0070647","protein modification by small protein conjugation or removal",72,-0.4047905081244346,-1.9833275348022745,5.877144299319925e-5,0.001732210951378504,0.0014359117096953392,2267,"tags=43%, list=21%, signal=34%","103819004/103815777/103819085/103816972/103818077/103822143/103817086/103824591/103813393/103827226/103820051/103820740/103814940/103814640/103817564/103816334/103821403/103826107/103821214/103827013/103820525/103812586/103816392/103820360/103820867/103818096/103818114/103825159/103826724/103820776/103818584"
"Eye Score","CC","GO:1990904","ribonucleoprotein complex",83,0.3823843453404049,1.9064612055163805,8.714190253987774e-5,0.002439973271116577,0.0020226094221097936,1336,"tags=33%, list=12%, signal=29%","103819845/103818036/103824076/103812360/103816764/103815368/103824148/103820545/103821868/103814742/103817571/103813752/103818729/103820374/103824232/103821337/103813272/103814016/103819445/103817860/103824808/103824530/103820125/103816293/103812879/103817743/108961656"
"Eye Score","BP","GO:0010498","proteasomal protein catabolic process",14,-0.7018265200429401,-2.216975862207424,0.00013076248832229951,0.0034869996885946537,0.002890539215545568,2205,"tags=79%, list=20%, signal=63%","103816972/103820061/103824591/103820051/103820740/103818683/103818594/103814361/103823620/103820776/103826536"
"Eye Score","BP","GO:0009889","regulation of biosynthetic process",112,-0.3415042583829301,-1.8344038865130312,1.621467458611025e-4,0.003632087107288696,0.003010809049462998,2629,"tags=38%, list=24%, signal=29%","103820437/103822554/103824058/103812392/103815727/103816397/103818090/103820375/103816677/103819373/103822808/103813572/103815057/103826622/103821320/103826511/103817268/103812960/103812249/103820553/103817079/103820039/103817243/103822156/103821038/103827425/103814417/103825680/103824055/103817887/103812950/103820136/103824405/103816302/103815930/103820563/103823764/103819809/103820382/103815315/103825990/103813295/103826521"
"Eye Score","BP","GO:0010468","regulation of gene expression",112,-0.3415042583829301,-1.8344038865130312,1.621467458611025e-4,0.003632087107288696,0.003010809049462998,2629,"tags=38%, list=24%, signal=29%","103820437/103822554/103824058/103812392/103815727/103816397/103818090/103820375/103816677/103819373/103822808/103813572/103815057/103826622/103821320/103826511/103817268/103812960/103812249/103820553/103817079/103820039/103817243/103822156/103821038/103827425/103814417/103825680/103824055/103817887/103812950/103820136/103824405/103816302/103815930/103820563/103823764/103819809/103820382/103815315/103825990/103813295/103826521"
"Eye Score","BP","GO:0010556","regulation of macromolecule biosynthetic process",112,-0.3415042583829301,-1.8344038865130312,1.621467458611025e-4,0.003632087107288696,0.003010809049462998,2629,"tags=38%, list=24%, signal=29%","103820437/103822554/103824058/103812392/103815727/103816397/103818090/103820375/103816677/103819373/103822808/103813572/103815057/103826622/103821320/103826511/103817268/103812960/103812249/103820553/103817079/103820039/103817243/103822156/103821038/103827425/103814417/103825680/103824055/103817887/103812950/103820136/103824405/103816302/103815930/103820563/103823764/103819809/103820382/103815315/103825990/103813295/103826521"
"Eye Score","BP","GO:0031326","regulation of cellular biosynthetic process",112,-0.3415042583829301,-1.8344038865130312,1.621467458611025e-4,0.003632087107288696,0.003010809049462998,2629,"tags=38%, list=24%, signal=29%","103820437/103822554/103824058/103812392/103815727/103816397/103818090/103820375/103816677/103819373/103822808/103813572/103815057/103826622/103821320/103826511/103817268/103812960/103812249/103820553/103817079/103820039/103817243/103822156/103821038/103827425/103814417/103825680/103824055/103817887/103812950/103820136/103824405/103816302/103815930/103820563/103823764/103819809/103820382/103815315/103825990/103813295/103826521"
"Eye Score","BP","GO:0009056","catabolic process",130,-0.32109525581622744,-1.777748647886089,1.6950113390231883e-4,0.0036507936532807136,0.003026315791535328,2639,"tags=40%, list=24%, signal=31%","103826787/103827382/103817065/103812698/103816397/103819004/103815065/103815777/103816972/103815335/103820061/103825954/103813572/103824591/103823709/103813393/103813246/103822145/103823972/103820051/103819174/103815461/115483832/103814417/103818101/103820740/103818683/103814940/103818594/103824055/103820159/103824987/103816334/103813931/103814801/103815856/103826442/103814361/103816730/103820525/103820368/103816392/103820867/103818114/103825159/103826684/103823620/103820776/103818584/103825990/103813189/103826536"
"Eye Score","CC","GO:0005739","mitochondrion",114,0.34212334583901444,1.8124565299299717,2.052065001061765e-4,0.004256134817016994,0.0035281117562114554,3248,"tags=46%, list=30%, signal=33%","103821870/103827120/103822378/103819559/103823174/103824148/103813813/103814997/103813968/103813854/103817222/103818255/103818806/103819836/103818939/103816398/103821959/103819907/103819765/103813297/103812613/103818674/103823671/108961656/103826359/103816712/103813310/103814457/103813400/103826733/103826618/103819677/103820195/103826111/103815391/103826729/108962077/103819133/103827112/103821020/103822155/103817374/103814572/103820088/103816070/103825440/103824386/103820468/103813478/103823857/103814011/103827420/103817838"
"Eye Score","MF","GO:0140657","ATP-dependent activity",100,-0.35059913165754114,-1.8347693975818515,2.165079450552892e-4,0.004330158901105784,0.0035894738259166373,2535,"tags=40%, list=23%, signal=31%","103815326/103815339/103812935/103816680/103826455/103818454/103822823/103822166/103818984/103817086/103818663/103813329/103815022/103813507/103814072/103821644/103816341/103823319/103817702/103825626/103818170/103820063/103819384/103816191/103818641/103814183/103818812/103813911/103826375/103818689/103823628/103817259/103819758/103814341/103821238/103826570/103813942/103820665/103815775/103815745"
"Eye Score","CC","GO:0044391","ribosomal subunit",15,0.6509479949198069,2.095389192982655,2.5569392279307804e-4,0.004937537819452541,0.004092958981914608,2766,"tags=80%, list=26%, signal=60%","103819845/103824076/103814742/103817571/103821337/103814016/103820125/103812879/103812989/103819357/103815789/103820088"
"Eye Score","BP","GO:0043687","post-translational protein modification",81,-0.37629266516720994,-1.9060876097847357,3.081802676383672e-4,0.005752698329249521,0.004768684141351577,2267,"tags=38%, list=21%, signal=30%","103815777/103819085/103816972/103818077/103822143/103817086/103824591/103813393/103827226/103820051/103823538/103820740/103814940/103814640/103817564/103816334/103821403/103826107/103821214/103827013/103820525/103812586/103816392/103820360/103820867/103818096/103818114/103825159/103826724/103820776/103818584"
"Eye Score","BP","GO:0016071","mRNA metabolic process",64,-0.3986092720954876,-1.9171999897911693,3.1915443251447995e-4,0.005765370393809961,0.004779188615921415,1991,"tags=39%, list=18%, signal=32%","103822143/103818115/103813572/103823517/103818703/103821385/103814848/103822156/103814876/103814417/103821843/103817564/103824055/103825967/103827269/103821153/103823669/103820136/103826501/103820563/103820665/103826468/103813559/103825990/103817240"
"Eye Score","BP","GO:0043161","proteasome-mediated ubiquitin-dependent protein catabolic process",11,-0.713017601506575,-2.0737760025314276,3.709821788476615e-4,0.006366809774653729,0.005277750207936644,2205,"tags=82%, list=20%, signal=65%","103816972/103824591/103820051/103820740/103818683/103818594/103823620/103820776/103826536"
"Eye Score","MF","GO:0008234","cysteine-type peptidase activity",32,-0.49498787586191506,-2.0111113915836727,3.751870045778091e-4,0.006366809774653729,0.005277750207936644,1102,"tags=41%, list=10%, signal=37%","103814940/103814509/103814445/103816334/103821403/103821214/103814508/103820525/103812586/103820867/103825159/103820710/103826003"
"Eye Score","BP","GO:1901565","organonitrogen compound catabolic process",59,-0.4009373196060566,-1.8911737343127173,4.813909576137538e-4,0.007928792243050061,0.0065725514646336036,2639,"tags=51%, list=24%, signal=39%","103826787/103827382/103819004/103815777/103816972/103815335/103820061/103825954/103824591/103813393/103813246/103823972/103820051/103820740/103818683/103814940/103818594/103824987/103816334/103815856/103814361/103820525/103816392/103820867/103818114/103825159/103823620/103820776/103818584/103826536"
"Eye Score","MF","GO:0003724","RNA helicase activity",13,-0.6419400243230531,-2.00257033639028,0.0010133168935312173,0.016213070296499477,0.013439781956308778,3067,"tags=85%, list=28%, signal=61%","103821332/103817366/103819779/103815326/103826455/103813329/103823319/103818812/103817259/103820665/103815775"
"Eye Score","CC","GO:0005740","mitochondrial envelope",64,0.3848254646267774,1.8175933237522912,0.0011679607773730316,0.01816827875913605,0.015060546866125936,3231,"tags=50%, list=30%, signal=35%","103821870/103827120/103822378/103819559/103813813/103813968/103813854/103817222/103818939/103816398/103819907/103819765/103823671/103816712/103813310/103814457/103826733/103826618/103819677/103815391/108962077/103819133/103827112/103822155/103817374/103825440/103824386/103820468/103813478/103823857/103814011/103827420"
"Eye Score","BP","GO:0032446","protein modification by small protein conjugation",53,-0.4058491104811067,-1.882058876368707,0.0012738565747879764,0.018772623207401758,0.015561516606135669,2228,"tags=40%, list=21%, signal=32%","103819085/103816972/103818077/103822143/103817086/103824591/103827226/103820051/103820740/103814640/103817564/103826107/103827013/103812586/103816392/103820360/103818096/103818114/103826724/103820776/103818584"
"Eye Score","BP","GO:0006397","mRNA processing",54,-0.40110477398891287,-1.8605200563570026,0.0012407182785907462,0.018772623207401758,0.015561516606135669,1991,"tags=39%, list=18%, signal=32%","103822143/103818115/103823517/103818703/103821385/103814848/103822156/103814876/103821843/103817564/103825967/103827269/103821153/103823669/103820136/103826501/103820563/103820665/103826468/103813559/103817240"
"Eye Score","MF","GO:0008186","ATP-dependent activity, acting on RNA",14,-0.6322202218390063,-1.9970989003532442,0.0015180832064430353,0.021253164890202493,0.01761775510635207,3067,"tags=79%, list=28%, signal=56%","103821332/103817366/103819779/103815326/103826455/103813329/103823319/103818812/103817259/103820665/103815775"
"Eye Score","CC","GO:0031966","mitochondrial membrane",60,0.3847048398109882,1.7835560192653253,0.0015130814488067217,0.021253164890202493,0.01761775510635207,3231,"tags=50%, list=30%, signal=35%","103821870/103827120/103822378/103819559/103813813/103813968/103813854/103817222/103818939/103816398/103819907/103819765/103823671/103813310/103814457/103826733/103826618/103819677/103815391/108962077/103819133/103822155/103817374/103825440/103824386/103820468/103813478/103823857/103814011/103827420"
"Eye Score","MF","GO:0061659","ubiquitin-like protein ligase activity",17,-0.5741106108338837,-1.9647277315078524,0.0016085872830702286,0.021970948256568975,0.018212759738997965,2205,"tags=53%, list=20%, signal=42%","103816972/103822143/103820740/103814640/103817564/103818114/103823620/103820776/103818584"
"Eye Score","BP","GO:0016567","protein ubiquitination",51,-0.3999376527698576,-1.8358536935053462,0.001956656827071007,0.026088757694280092,0.021626207036047968,2228,"tags=39%, list=21%, signal=31%","103819085/103816972/103818077/103822143/103824591/103827226/103820051/103820740/103814640/103817564/103826107/103827013/103812586/103816392/103820360/103818096/103818114/103826724/103820776/103818584"
"Eye Score","CC","GO:0031967","organelle envelope",81,0.3394809241389305,1.686260771888283,0.0023251847809911716,0.02830659733380557,0.02346467936881251,3231,"tags=47%, list=30%, signal=33%","103821870/103827120/103822378/103819559/103813813/103813968/103813854/103817222/103818939/103816398/103819907/103819765/103814971/103818674/103823671/103816712/103813310/103814457/103826733/103819652/103826618/103819677/103814564/103815391/108962077/103819133/103827112/103814125/103822155/103817374/103825440/103824386/103823973/103820468/103813478/103823857/103814011/103827420"
"Eye Score","CC","GO:0031975","envelope",81,0.3394809241389305,1.686260771888283,0.0023251847809911716,0.02830659733380557,0.02346467936881251,3231,"tags=47%, list=30%, signal=33%","103821870/103827120/103822378/103819559/103813813/103813968/103813854/103817222/103818939/103816398/103819907/103819765/103814971/103818674/103823671/103816712/103813310/103814457/103826733/103819652/103826618/103819677/103814564/103815391/108962077/103819133/103827112/103814125/103822155/103817374/103825440/103824386/103823973/103820468/103813478/103823857/103814011/103827420"
"Eye Score","MF","GO:0016746","acyltransferase activity",91,-0.32167754475920457,-1.6582201656725974,0.0022400335687780895,0.02830659733380557,0.02346467936881251,2324,"tags=47%, list=22%, signal=37%","103818637/103813289/103815988/103824692/103818954/103816665/103826085/103816736/103818008/103813784/103822121/103815759/103826086/103816972/103818077/103816734/103822143/103813246/103821647/103818092/103820591/103816683/103821040/103820740/103819026/103814907/103814640/103821581/103817564/103812315/103812699/103826107/103815856/103818640/103826276/103827013/103820360/103818114/103826724/103814970/103823620/103820776/103818584"
"Eye Score","BP","GO:1901575","organic substance catabolic process",112,-0.30385656468609384,-1.6321777826197963,0.002303336058177177,0.02830659733380557,0.02346467936881251,2639,"tags=39%, list=24%, signal=30%","103826787/103827382/103817065/103812698/103816397/103819004/103815777/103816972/103815335/103820061/103825954/103813572/103824591/103823709/103813393/103813246/103823972/103820051/103819174/103814417/103820740/103818683/103814940/103818594/103824055/103824987/103816334/103813931/103814801/103815856/103814361/103816730/103820525/103820368/103816392/103820867/103818114/103825159/103823620/103820776/103818584/103825990/103813189/103826536"
"Eye Score","BP","GO:0008380","RNA splicing",44,-0.4187554565156729,-1.8409753160387416,0.0023844041481262384,0.02840992176490837,0.023550329884068785,3136,"tags=57%, list=29%, signal=40%","103820769/103824704/103817366/103821944/103824886/103819779/103813318/103822143/103818115/103823517/103818703/103821385/103814848/103822156/103821843/103825967/103827269/103821153/103820136/103824405/103826501/103815035/103820563/103813559/103817240"
"Eye Score","BP","GO:0031323","regulation of cellular metabolic process",129,-0.2895932110991492,-1.6007841618820717,0.002471388848808955,0.028832869902771143,0.02390093162992871,2629,"tags=35%, list=24%, signal=27%","103820437/103822554/103824058/103812392/103815727/103816397/103818090/103820375/103816677/103819373/103822808/103813572/103815057/103826622/103821320/103826511/103817268/103812960/103812249/103823455/103820553/103817079/103820039/103817243/103822156/103821038/103827425/115483832/103814417/103825680/103824055/103817887/103812950/103820136/103824405/103816302/103815930/103820563/103823764/103819809/103820382/103815315/103825990/103813295/103826521"
"Eye Score","BP","GO:0080090","regulation of primary metabolic process",126,-0.28766608369637514,-1.5809933411369976,0.003341301582161832,0.038186303796135225,0.031654436041533146,2629,"tags=34%, list=24%, signal=26%","103820437/103822554/103824058/103812392/103815727/103820375/103816677/103815335/103819373/103822808/103815057/103826622/103821320/103826511/103817268/103812960/103823730/103812249/103823455/103820553/103817079/103813206/103820039/103817243/103821038/103827425/103814417/103818156/103825680/103817887/103812950/103820136/103824405/103816302/103815930/103820563/103823764/103819809/103820382/103815315/103825990/103813295/103826521"
"Eye Score","BP","GO:0051252","regulation of RNA metabolic process",92,-0.3121769860767557,-1.6148267370300484,0.00360435977235463,0.04036882945037185,0.03346363493912404,2725,"tags=37%, list=25%, signal=28%","103814913/103820437/103822554/103824058/103812392/103815727/103820375/103819373/103822808/103815057/103826622/103821320/103826511/103817268/103812960/103812249/103820039/103817243/103821038/103827425/103814417/103825680/103817887/103820136/103824405/103816302/103815930/103820563/103823764/103819809/103820382/103825990/103813295/103826521"
"Eye Score","MF","GO:0061630","ubiquitin protein ligase activity",16,-0.5780330882320925,-1.924356326706283,0.0038661143012107984,0.04245145115054994,0.03519001871690324,2205,"tags=56%, list=20%, signal=45%","103816972/103822143/103820740/103814640/103817564/103818114/103823620/103820776/103818584"
"Eye Score","CC","GO:0005743","mitochondrial inner membrane",39,0.41331786605084075,1.7364325846963795,0.004629412777099503,0.04985521452261004,0.04132734888058463,3117,"tags=46%, list=29%, signal=33%","103821870/103827120/103822378/103813813/103813968/103817222/103818939/103816398/103823671/103813310/103826618/103819677/103815391/103819133/103822155/103825440/103824386/103813478"
"Pathogen Load","MF","GO:0003735","structural constituent of ribosome",35,-0.7955358822337002,-2.7555627294566993,1e-10,2.8000000000000003e-8,2.5894736842105267e-8,1397,"tags=77%, list=13%, signal=67%","103816764/103820088/103812879/103824148/103819357/103819445/103817571/103812957/103814742/103817838/103821868/103812360/103818729/103813272/103824232/103812989/103824530/103824076/103824808/103820545/103815291/103817860/103814016/103816293/103820125/103826008/103815368"
"Pathogen Load","CC","GO:0005840","ribosome",40,-0.7601969460242467,-2.7148424346843827,1e-10,2.8000000000000003e-8,2.5894736842105267e-8,1699,"tags=72%, list=16%, signal=61%","103813400/103819845/103816764/103820088/103812879/103824148/103819357/103819445/103817571/103812957/103814742/103817838/103821868/103812360/103818729/103813272/103824232/103812989/103824530/103824076/103824808/103820545/103815291/103817860/103814016/103816293/103820125/103826008/103815368"
"Pathogen Load","BP","GO:0006412","translation",52,-0.6915895499661778,-2.6394127476107307,3.136131167911021e-10,5.854111513433905e-8,5.413952753025341e-8,1446,"tags=69%, list=13%, signal=60%","103820740/103821337/108961656/103812407/103813219/103819845/103813251/103816764/103822097/103820088/103819357/103815355/103819445/103817571/103812957/103814742/103817838/103821868/103812360/103818729/103813272/103824232/103812989/103824530/103827119/103824076/103824808/103820545/103815291/103817860/103814085/103814016/103816293/103820125/103826008/103815368"
"Pathogen Load","BP","GO:0043043","peptide biosynthetic process",53,-0.6822693471929949,-2.611906151652165,4.2733089120185667e-10,5.982632476825994e-8,5.532810486087197e-8,1446,"tags=74%, list=13%, signal=64%","103820009/103820553/103826295/103820740/103821337/108961656/103812407/103813219/103819845/103813251/103816764/103822097/103820088/103819357/103815355/103819445/103817571/103812957/103814742/103817838/103821868/103812360/103818729/103813272/103824232/103812989/103824530/103827119/103824076/103824808/103820545/103815291/103817860/103814085/103814016/103816293/103820125/103826008/103815368"
"Pathogen Load","BP","GO:0043604","amide biosynthetic process",60,-0.6482441877274459,-2.5658528503436666,1.8695975478042928e-9,2.0939492535408078e-7,1.9365094600414989e-7,2790,"tags=72%, list=26%, signal=53%","103820009/103820553/103826729/103826295/103820740/103821337/108961656/103812407/103821040/103813219/103819845/103820027/103813251/103816764/103822097/103820088/103819357/103815355/103819445/103817571/103812957/103814742/103817838/103821868/103812360/103818729/103813272/103824232/103812989/103824530/103827119/103824076/103824808/103820545/103815291/103817860/103814085/103814016/103816293/103820125/103826008/103815368/103821875"
"Pathogen Load","BP","GO:0006518","peptide metabolic process",58,-0.6457644232096275,-2.517500107967215,5.7647471675560676e-9,5.380430689718996e-7,4.975887028837869e-7,2398,"tags=64%, list=22%, signal=50%","103820740/103821337/108961656/103812407/103813219/103819845/103816976/103813251/103816764/103822097/103820088/103819357/103815355/103819445/103817571/103812957/103814742/103817838/103821868/103812360/103818729/103813272/103824232/103812989/103824530/103827119/103824076/103824808/103820545/103815291/103817860/103814085/103814016/103816293/103820125/103826008/103815368"
"Pathogen Load","CC","GO:1990904","ribonucleoprotein complex",83,-0.5793569440636026,-2.445611209971526,1.3327887493914673e-8,1.0662309995131738e-6,9.86063255188875e-7,2247,"tags=52%, list=21%, signal=41%","108961656/103817371/103824191/103814498/103817064/103813219/103825576/103813436/103820712/103819845/103826591/103813752/103813251/103816764/103820374/103822097/103820088/103812879/103824148/103819357/103819445/103817571/103814742/103817838/103821868/103812360/103818729/103813272/103824232/103812989/103824530/103824076/103824808/103820545/103815291/103817860/103814085/103814016/103816293/103820125/103818036/103826008/103815368"
"Pathogen Load","MF","GO:0005198","structural molecule activity",66,-0.5871226070389404,-2.364201934601019,1.2928896096013398e-7,9.050227267209378e-6,8.369759051629726e-6,1246,"tags=55%, list=12%, signal=49%","103825220/103816764/103820088/103812879/103824148/103819357/103813332/103813337/103819445/103817571/103812957/103814742/103820172/103817838/103821868/103812360/103818729/103813272/103824232/103812989/103824530/103824076/103824808/103820545/103815291/103817860/103815242/103814016/103816293/103820125/103813347/103826008/103815368/103813361/103813335/103813354"
"Pathogen Load","BP","GO:0043603","amide metabolic process",72,-0.5612088839342391,-2.284190083859785,3.7498610356531296e-7,2.3332468666286138e-5,2.15781477139338e-5,2398,"tags=57%, list=22%, signal=45%","103820740/103821337/108961656/103812407/103821040/103826968/103813219/103819845/103820027/103816976/103813251/103816764/103822097/103820088/103819357/103815355/103819445/103817571/103812957/103814742/103817838/103821868/103812360/103818729/103813272/103824232/103812989/103824530/103827119/103824076/103824808/103820545/103815291/103817860/103814085/103814016/103816293/103820125/103826008/103815368/103821875"
"Pathogen Load","CC","GO:0044391","ribosomal subunit",15,-0.7528266308057772,-2.1120728750699427,1.4919966729424642e-4,0.0083551813684778,0.007726972243028342,1694,"tags=67%, list=16%, signal=56%","103819845/103820088/103812879/103819357/103817571/103814742/103812989/103824076/103814016/103820125"
